unique_id,ds,y,promo
sku00_st0,0,18,0
sku00_st0,1,26,0
sku00_st0,2,25,0
sku00_st0,3,28,0
sku00_st0,4,24,0
sku00_st0,5,25,0
sku00_st0,6,24,0
sku00_st0,7,25,0
sku00_st0,8,21,0
sku00_st0,9,25,0
sku00_st0,10,20,0
sku00_st0,11,22,0
sku00_st0,12,36,1
sku00_st0,13,19,0
sku00_st0,14,18,0
sku00_st0,15,24,0
sku00_st0,16,18,0
sku00_st0,17,23,0
sku00_st0,18,23,0
sku00_st0,19,22,0
sku00_st0,20,23,0
sku00_st0,21,24,0
sku00_st0,22,24,0
sku00_st0,23,27,0
sku00_st0,24,25,0
sku00_st0,25,25,0
sku00_st0,26,35,0
sku00_st0,27,35,0
sku00_st0,28,30,0
sku00_st0,29,36,0
sku00_st0,30,39,0
sku00_st0,31,80,1
sku00_st0,32,31,0
sku00_st0,33,34,0
sku00_st0,34,42,0
sku00_st0,35,40,0
sku00_st0,36,48,0
sku00_st0,37,48,0
sku00_st0,38,44,0
sku00_st0,39,39,0
sku00_st0,40,45,0
sku00_st0,41,53,0
sku00_st0,42,55,0
sku00_st0,43,47,0
sku00_st0,44,38,0
sku00_st0,45,40,0
sku00_st0,46,53,0
sku00_st0,47,47,0
sku00_st0,48,47,0
sku00_st0,49,42,0
sku00_st0,50,41,0
sku00_st0,51,53,0
sku00_st0,52,49,0
sku00_st0,53,41,0
sku00_st0,54,45,0
sku00_st0,55,44,0
sku00_st0,56,52,0
sku00_st0,57,34,0
sku00_st0,58,41,0
sku00_st0,59,43,0
sku00_st0,60,45,0
sku00_st0,61,33,0
sku00_st0,62,33,0
sku00_st0,63,38,0
sku00_st0,64,70,1
sku00_st0,65,38,0
sku00_st0,66,48,0
sku00_st0,67,28,0
sku00_st0,68,34,0
sku00_st0,69,31,0
sku00_st0,70,33,0
sku00_st0,71,35,0
sku00_st0,72,30,0
sku00_st0,73,34,0
sku00_st0,74,40,0
sku00_st0,75,40,0
sku00_st0,76,38,0
sku00_st0,77,37,0
sku00_st0,78,59,0
sku00_st0,79,53,0
sku00_st0,80,56,0
sku00_st0,81,50,0
sku00_st0,82,48,0
sku00_st0,83,52,0
sku00_st0,84,47,0
sku00_st0,85,75,0
sku00_st0,86,61,0
sku00_st0,87,77,0
sku00_st0,88,62,0
sku00_st0,89,72,0
sku00_st0,90,71,0
sku00_st0,91,56,0
sku00_st0,92,90,0
sku00_st0,93,69,0
sku00_st0,94,61,0
sku00_st0,95,81,0
sku00_st0,96,74,0
sku00_st0,97,77,0
sku00_st0,98,74,0
sku00_st0,99,50,0
sku00_st0,100,63,0
sku00_st0,101,62,0
sku00_st0,102,79,0
sku00_st0,103,69,0
sku00_st1,0,36,0
sku00_st1,1,32,0
sku00_st1,2,35,0
sku00_st1,3,31,0
sku00_st1,4,30,0
sku00_st1,5,31,0
sku00_st1,6,30,0
sku00_st1,7,40,0
sku00_st1,8,25,0
sku00_st1,9,22,0
sku00_st1,10,29,0
sku00_st1,11,24,0
sku00_st1,12,18,0
sku00_st1,13,22,0
sku00_st1,14,35,0
sku00_st1,15,23,0
sku00_st1,16,19,0
sku00_st1,17,35,0
sku00_st1,18,23,0
sku00_st1,19,40,0
sku00_st1,20,27,0
sku00_st1,21,38,0
sku00_st1,22,30,0
sku00_st1,23,35,0
sku00_st1,24,33,0
sku00_st1,25,34,0
sku00_st1,26,39,0
sku00_st1,27,42,0
sku00_st1,28,42,0
sku00_st1,29,44,0
sku00_st1,30,40,0
sku00_st1,31,114,1
sku00_st1,32,61,0
sku00_st1,33,46,0
sku00_st1,34,56,0
sku00_st1,35,65,0
sku00_st1,36,61,0
sku00_st1,37,67,0
sku00_st1,38,50,0
sku00_st1,39,64,0
sku00_st1,40,60,0
sku00_st1,41,61,0
sku00_st1,42,79,0
sku00_st1,43,63,0
sku00_st1,44,68,0
sku00_st1,45,48,0
sku00_st1,46,82,0
sku00_st1,47,73,0
sku00_st1,48,64,0
sku00_st1,49,60,0
sku00_st1,50,68,0
sku00_st1,51,72,0
sku00_st1,52,76,0
sku00_st1,53,66,0
sku00_st1,54,58,0
sku00_st1,55,64,0
sku00_st1,56,61,0
sku00_st1,57,53,0
sku00_st1,58,57,0
sku00_st1,59,55,0
sku00_st1,60,48,0
sku00_st1,61,43,0
sku00_st1,62,50,0
sku00_st1,63,38,0
sku00_st1,64,36,0
sku00_st1,65,45,0
sku00_st1,66,47,0
sku00_st1,67,45,0
sku00_st1,68,46,0
sku00_st1,69,30,0
sku00_st1,70,48,0
sku00_st1,71,55,0
sku00_st1,72,52,0
sku00_st1,73,54,0
sku00_st1,74,51,0
sku00_st1,75,54,0
sku00_st1,76,52,0
sku00_st1,77,59,0
sku00_st1,78,49,0
sku00_st1,79,75,0
sku00_st1,80,56,0
sku00_st1,81,75,0
sku00_st1,82,84,0
sku00_st1,83,82,0
sku00_st1,84,102,0
sku00_st1,85,55,0
sku00_st1,86,76,0
sku00_st1,87,124,1
sku00_st1,88,65,0
sku00_st1,89,94,0
sku00_st1,90,94,0
sku00_st1,91,60,0
sku00_st1,92,87,0
sku00_st1,93,104,0
sku00_st1,94,86,0
sku00_st1,95,107,0
sku00_st1,96,104,0
sku00_st1,97,93,0
sku00_st1,98,107,0
sku00_st1,99,102,0
sku00_st1,100,158,1
sku00_st1,101,74,0
sku00_st1,102,59,0
sku00_st1,103,99,0
sku01_st0,0,12,0
sku01_st0,1,12,0
sku01_st0,2,13,0
sku01_st0,3,12,0
sku01_st0,4,12,0
sku01_st0,5,17,0
sku01_st0,6,13,0
sku01_st0,7,14,0
sku01_st0,8,31,1
sku01_st0,9,17,0
sku01_st0,10,17,0
sku01_st0,11,22,0
sku01_st0,12,23,0
sku01_st0,13,28,0
sku01_st0,14,19,0
sku01_st0,15,24,0
sku01_st0,16,28,0
sku01_st0,17,30,0
sku01_st0,18,38,0
sku01_st0,19,31,0
sku01_st0,20,27,0
sku01_st0,21,32,0
sku01_st0,22,29,0
sku01_st0,23,23,0
sku01_st0,24,32,0
sku01_st0,25,45,0
sku01_st0,26,30,0
sku01_st0,27,34,0
sku01_st0,28,37,0
sku01_st0,29,34,0
sku01_st0,30,30,0
sku01_st0,31,50,0
sku01_st0,32,43,0
sku01_st0,33,38,0
sku01_st0,34,34,0
sku01_st0,35,36,0
sku01_st0,36,36,0
sku01_st0,37,34,0
sku01_st0,38,34,0
sku01_st0,39,35,0
sku01_st0,40,29,0
sku01_st0,41,23,0
sku01_st0,42,32,0
sku01_st0,43,22,0
sku01_st0,44,25,0
sku01_st0,45,28,0
sku01_st0,46,28,0
sku01_st0,47,25,0
sku01_st0,48,25,0
sku01_st0,49,27,0
sku01_st0,50,23,0
sku01_st0,51,32,0
sku01_st0,52,23,0
sku01_st0,53,26,0
sku01_st0,54,26,0
sku01_st0,55,29,0
sku01_st0,56,36,0
sku01_st0,57,26,0
sku01_st0,58,34,0
sku01_st0,59,36,0
sku01_st0,60,41,0
sku01_st0,61,32,0
sku01_st0,62,33,0
sku01_st0,63,39,0
sku01_st0,64,41,0
sku01_st0,65,37,0
sku01_st0,66,50,0
sku01_st0,67,52,0
sku01_st0,68,65,0
sku01_st0,69,49,0
sku01_st0,70,45,0
sku01_st0,71,47,0
sku01_st0,72,59,0
sku01_st0,73,51,0
sku01_st0,74,65,0
sku01_st0,75,156,1
sku01_st0,76,47,0
sku01_st0,77,93,1
sku01_st0,78,48,0
sku01_st0,79,73,0
sku01_st0,80,64,0
sku01_st0,81,50,0
sku01_st0,82,51,0
sku01_st0,83,78,0
sku01_st0,84,51,0
sku01_st0,85,72,0
sku01_st0,86,59,0
sku01_st0,87,42,0
sku01_st0,88,114,1
sku01_st0,89,55,0
sku01_st0,90,55,0
sku01_st0,91,59,0
sku01_st0,92,44,0
sku01_st0,93,52,0
sku01_st0,94,92,1
sku01_st0,95,46,0
sku01_st0,96,46,0
sku01_st0,97,34,0
sku01_st0,98,42,0
sku01_st0,99,49,0
sku01_st0,100,40,0
sku01_st0,101,36,0
sku01_st0,102,70,1
sku01_st0,103,33,0
sku01_st1,0,20,0
sku01_st1,1,15,0
sku01_st1,2,16,0
sku01_st1,3,17,0
sku01_st1,4,20,0
sku01_st1,5,15,0
sku01_st1,6,27,0
sku01_st1,7,21,0
sku01_st1,8,25,0
sku01_st1,9,20,0
sku01_st1,10,26,0
sku01_st1,11,35,0
sku01_st1,12,36,0
sku01_st1,13,33,0
sku01_st1,14,64,1
sku01_st1,15,32,0
sku01_st1,16,35,0
sku01_st1,17,35,0
sku01_st1,18,28,0
sku01_st1,19,42,0
sku01_st1,20,25,0
sku01_st1,21,44,0
sku01_st1,22,34,0
sku01_st1,23,46,0
sku01_st1,24,47,0
sku01_st1,25,48,0
sku01_st1,26,52,0
sku01_st1,27,55,0
sku01_st1,28,44,0
sku01_st1,29,52,0
sku01_st1,30,43,0
sku01_st1,31,48,0
sku01_st1,32,52,0
sku01_st1,33,40,0
sku01_st1,34,67,1
sku01_st1,35,43,0
sku01_st1,36,42,0
sku01_st1,37,42,0
sku01_st1,38,35,0
sku01_st1,39,44,0
sku01_st1,40,43,0
sku01_st1,41,52,1
sku01_st1,42,61,1
sku01_st1,43,40,0
sku01_st1,44,30,0
sku01_st1,45,40,0
sku01_st1,46,26,0
sku01_st1,47,41,0
sku01_st1,48,37,0
sku01_st1,49,69,1
sku01_st1,50,36,0
sku01_st1,51,35,0
sku01_st1,52,64,1
sku01_st1,53,23,0
sku01_st1,54,42,0
sku01_st1,55,26,0
sku01_st1,56,114,1
sku01_st1,57,37,0
sku01_st1,58,41,0
sku01_st1,59,37,0
sku01_st1,60,57,0
sku01_st1,61,41,0
sku01_st1,62,54,0
sku01_st1,63,62,0
sku01_st1,64,61,0
sku01_st1,65,60,0
sku01_st1,66,60,0
sku01_st1,67,50,0
sku01_st1,68,81,0
sku01_st1,69,69,0
sku01_st1,70,69,0
sku01_st1,71,59,0
sku01_st1,72,73,0
sku01_st1,73,74,0
sku01_st1,74,214,1
sku01_st1,75,80,0
sku01_st1,76,76,0
sku01_st1,77,77,0
sku01_st1,78,64,0
sku01_st1,79,84,0
sku01_st1,80,78,0
sku01_st1,81,92,0
sku01_st1,82,79,0
sku01_st1,83,65,0
sku01_st1,84,81,0
sku01_st1,85,88,0
sku01_st1,86,60,0
sku01_st1,87,75,0
sku01_st1,88,168,1
sku01_st1,89,62,0
sku01_st1,90,63,0
sku01_st1,91,67,0
sku01_st1,92,58,0
sku01_st1,93,50,0
sku01_st1,94,43,0
sku01_st1,95,58,0
sku01_st1,96,66,0
sku01_st1,97,58,0
sku01_st1,98,44,0
sku01_st1,99,46,0
sku01_st1,100,49,0
sku01_st1,101,65,0
sku01_st1,102,128,1
sku01_st1,103,51,0
sku02_st0,0,24,0
sku02_st0,1,27,0
sku02_st0,2,34,0
sku02_st0,3,32,0
sku02_st0,4,33,0
sku02_st0,5,23,0
sku02_st0,6,28,0
sku02_st0,7,33,0
sku02_st0,8,30,0
sku02_st0,9,27,0
sku02_st0,10,31,0
sku02_st0,11,36,0
sku02_st0,12,38,0
sku02_st0,13,25,0
sku02_st0,14,34,0
sku02_st0,15,34,0
sku02_st0,16,35,0
sku02_st0,17,28,0
sku02_st0,18,29,0
sku02_st0,19,41,0
sku02_st0,20,22,0
sku02_st0,21,31,0
sku02_st0,22,34,0
sku02_st0,23,35,0
sku02_st0,24,34,0
sku02_st0,25,43,0
sku02_st0,26,44,0
sku02_st0,27,42,0
sku02_st0,28,41,0
sku02_st0,29,47,0
sku02_st0,30,52,0
sku02_st0,31,48,0
sku02_st0,32,62,0
sku02_st0,33,70,0
sku02_st0,34,78,0
sku02_st0,35,82,0
sku02_st0,36,69,0
sku02_st0,37,77,0
sku02_st0,38,78,0
sku02_st0,39,82,0
sku02_st0,40,85,0
sku02_st0,41,92,0
sku02_st0,42,112,0
sku02_st0,43,104,0
sku02_st0,44,85,0
sku02_st0,45,120,0
sku02_st0,46,112,0
sku02_st0,47,119,0
sku02_st0,48,118,0
sku02_st0,49,120,0
sku02_st0,50,123,0
sku02_st0,51,87,0
sku02_st0,52,126,0
sku02_st0,53,105,0
sku02_st0,54,109,0
sku02_st0,55,117,0
sku02_st0,56,144,0
sku02_st0,57,97,0
sku02_st0,58,112,0
sku02_st0,59,106,0
sku02_st0,60,124,0
sku02_st0,61,102,0
sku02_st0,62,107,0
sku02_st0,63,86,0
sku02_st0,64,115,0
sku02_st0,65,76,0
sku02_st0,66,100,0
sku02_st0,67,95,0
sku02_st0,68,95,0
sku02_st0,69,180,1
sku02_st0,70,95,0
sku02_st0,71,80,0
sku02_st0,72,104,0
sku02_st0,73,102,0
sku02_st0,74,90,0
sku02_st0,75,88,0
sku02_st0,76,99,0
sku02_st0,77,80,0
sku02_st0,78,102,0
sku02_st0,79,101,0
sku02_st0,80,94,0
sku02_st0,81,110,0
sku02_st0,82,133,0
sku02_st0,83,86,0
sku02_st0,84,101,0
sku02_st0,85,120,0
sku02_st0,86,144,0
sku02_st0,87,145,0
sku02_st0,88,158,0
sku02_st0,89,143,0
sku02_st0,90,158,0
sku02_st0,91,190,0
sku02_st0,92,175,0
sku02_st0,93,189,0
sku02_st0,94,182,0
sku02_st0,95,171,0
sku02_st0,96,211,0
sku02_st0,97,225,0
sku02_st0,98,203,0
sku02_st0,99,177,0
sku02_st0,100,222,0
sku02_st0,101,220,0
sku02_st0,102,201,0
sku02_st0,103,284,0
sku02_st1,0,43,0
sku02_st1,1,40,0
sku02_st1,2,41,0
sku02_st1,3,49,0
sku02_st1,4,48,0
sku02_st1,5,42,0
sku02_st1,6,46,0
sku02_st1,7,43,0
sku02_st1,8,37,0
sku02_st1,9,34,0
sku02_st1,10,46,0
sku02_st1,11,63,0
sku02_st1,12,54,0
sku02_st1,13,43,0
sku02_st1,14,45,0
sku02_st1,15,42,0
sku02_st1,16,34,0
sku02_st1,17,42,0
sku02_st1,18,44,0
sku02_st1,19,46,0
sku02_st1,20,53,0
sku02_st1,21,49,0
sku02_st1,22,56,0
sku02_st1,23,53,0
sku02_st1,24,54,0
sku02_st1,25,57,0
sku02_st1,26,47,0
sku02_st1,27,64,0
sku02_st1,28,57,0
sku02_st1,29,60,0
sku02_st1,30,67,0
sku02_st1,31,66,0
sku02_st1,32,63,0
sku02_st1,33,79,0
sku02_st1,34,81,0
sku02_st1,35,241,1
sku02_st1,36,90,0
sku02_st1,37,86,0
sku02_st1,38,93,0
sku02_st1,39,107,0
sku02_st1,40,115,0
sku02_st1,41,118,0
sku02_st1,42,156,0
sku02_st1,43,90,0
sku02_st1,44,134,0
sku02_st1,45,147,0
sku02_st1,46,162,0
sku02_st1,47,148,0
sku02_st1,48,153,0
sku02_st1,49,165,0
sku02_st1,50,151,0
sku02_st1,51,96,0
sku02_st1,52,126,0
sku02_st1,53,147,0
sku02_st1,54,130,0
sku02_st1,55,208,0
sku02_st1,56,141,0
sku02_st1,57,223,1
sku02_st1,58,124,0
sku02_st1,59,109,0
sku02_st1,60,144,0
sku02_st1,61,147,0
sku02_st1,62,152,0
sku02_st1,63,144,0
sku02_st1,64,209,1
sku02_st1,65,137,0
sku02_st1,66,150,0
sku02_st1,67,115,0
sku02_st1,68,150,0
sku02_st1,69,93,0
sku02_st1,70,138,0
sku02_st1,71,89,0
sku02_st1,72,118,0
sku02_st1,73,100,0
sku02_st1,74,99,0
sku02_st1,75,151,0
sku02_st1,76,130,0
sku02_st1,77,114,0
sku02_st1,78,73,0
sku02_st1,79,91,0
sku02_st1,80,107,0
sku02_st1,81,135,0
sku02_st1,82,150,0
sku02_st1,83,128,0
sku02_st1,84,173,0
sku02_st1,85,177,0
sku02_st1,86,157,0
sku02_st1,87,148,0
sku02_st1,88,123,0
sku02_st1,89,206,0
sku02_st1,90,206,0
sku02_st1,91,233,0
sku02_st1,92,264,0
sku02_st1,93,287,0
sku02_st1,94,273,0
sku02_st1,95,228,0
sku02_st1,96,243,0
sku02_st1,97,292,0
sku02_st1,98,229,0
sku02_st1,99,235,0
sku02_st1,100,298,0
sku02_st1,101,339,0
sku02_st1,102,311,0
sku02_st1,103,303,0
sku03_st0,0,12,0
sku03_st0,1,12,0
sku03_st0,2,14,0
sku03_st0,3,12,0
sku03_st0,4,12,0
sku03_st0,5,28,1
sku03_st0,6,19,1
sku03_st0,7,14,0
sku03_st0,8,24,1
sku03_st0,9,18,0
sku03_st0,10,15,0
sku03_st0,11,14,0
sku03_st0,12,16,0
sku03_st0,13,12,0
sku03_st0,14,13,0
sku03_st0,15,17,0
sku03_st0,16,11,0
sku03_st0,17,20,0
sku03_st0,18,11,0
sku03_st0,19,22,0
sku03_st0,20,18,0
sku03_st0,21,21,0
sku03_st0,22,21,0
sku03_st0,23,25,0
sku03_st0,24,31,1
sku03_st0,25,17,0
sku03_st0,26,20,0
sku03_st0,27,20,0
sku03_st0,28,20,0
sku03_st0,29,19,0
sku03_st0,30,14,0
sku03_st0,31,21,0
sku03_st0,32,19,0
sku03_st0,33,19,0
sku03_st0,34,24,0
sku03_st0,35,15,0
sku03_st0,36,17,0
sku03_st0,37,13,0
sku03_st0,38,16,0
sku03_st0,39,16,0
sku03_st0,40,13,0
sku03_st0,41,11,0
sku03_st0,42,14,0
sku03_st0,43,13,0
sku03_st0,44,11,0
sku03_st0,45,11,0
sku03_st0,46,13,0
sku03_st0,47,12,0
sku03_st0,48,11,0
sku03_st0,49,12,0
sku03_st0,50,11,0
sku03_st0,51,11,0
sku03_st0,52,8,0
sku03_st0,53,10,0
sku03_st0,54,10,0
sku03_st0,55,12,0
sku03_st0,56,6,0
sku03_st0,57,10,0
sku03_st0,58,11,0
sku03_st0,59,9,0
sku03_st0,60,10,0
sku03_st0,61,15,0
sku03_st0,62,15,1
sku03_st0,63,14,0
sku03_st0,64,14,0
sku03_st0,65,16,0
sku03_st0,66,22,1
sku03_st0,67,16,0
sku03_st0,68,17,0
sku03_st0,69,17,0
sku03_st0,70,21,0
sku03_st0,71,19,0
sku03_st0,72,14,0
sku03_st0,73,19,0
sku03_st0,74,17,0
sku03_st0,75,17,0
sku03_st0,76,21,0
sku03_st0,77,15,0
sku03_st0,78,19,0
sku03_st0,79,19,0
sku03_st0,80,15,0
sku03_st0,81,13,0
sku03_st0,82,16,0
sku03_st0,83,9,0
sku03_st0,84,18,0
sku03_st0,85,16,0
sku03_st0,86,18,0
sku03_st0,87,15,0
sku03_st0,88,17,0
sku03_st0,89,12,0
sku03_st0,90,14,0
sku03_st0,91,12,0
sku03_st0,92,12,0
sku03_st0,93,12,0
sku03_st0,94,12,0
sku03_st0,95,10,0
sku03_st0,96,11,0
sku03_st0,97,10,0
sku03_st0,98,8,0
sku03_st0,99,7,0
sku03_st0,100,11,0
sku03_st0,101,6,0
sku03_st0,102,8,0
sku03_st0,103,7,0
sku03_st1,0,18,0
sku03_st1,1,16,0
sku03_st1,2,16,0
sku03_st1,3,13,0
sku03_st1,4,12,0
sku03_st1,5,16,0
sku03_st1,6,16,0
sku03_st1,7,14,0
sku03_st1,8,14,0
sku03_st1,9,15,0
sku03_st1,10,15,0
sku03_st1,11,17,0
sku03_st1,12,21,0
sku03_st1,13,22,0
sku03_st1,14,21,0
sku03_st1,15,22,0
sku03_st1,16,24,0
sku03_st1,17,16,0
sku03_st1,18,24,0
sku03_st1,19,29,0
sku03_st1,20,17,0
sku03_st1,21,15,0
sku03_st1,22,24,0
sku03_st1,23,29,0
sku03_st1,24,25,0
sku03_st1,25,28,0
sku03_st1,26,27,0
sku03_st1,27,21,0
sku03_st1,28,22,0
sku03_st1,29,19,0
sku03_st1,30,30,0
sku03_st1,31,27,0
sku03_st1,32,23,0
sku03_st1,33,22,0
sku03_st1,34,20,0
sku03_st1,35,23,0
sku03_st1,36,19,0
sku03_st1,37,19,0
sku03_st1,38,18,0
sku03_st1,39,21,0
sku03_st1,40,18,0
sku03_st1,41,18,0
sku03_st1,42,14,0
sku03_st1,43,14,0
sku03_st1,44,16,0
sku03_st1,45,11,0
sku03_st1,46,14,0
sku03_st1,47,14,0
sku03_st1,48,11,0
sku03_st1,49,18,1
sku03_st1,50,22,1
sku03_st1,51,12,0
sku03_st1,52,10,0
sku03_st1,53,15,0
sku03_st1,54,12,0
sku03_st1,55,10,0
sku03_st1,56,12,0
sku03_st1,57,15,0
sku03_st1,58,15,0
sku03_st1,59,12,0
sku03_st1,60,18,0
sku03_st1,61,12,0
sku03_st1,62,19,0
sku03_st1,63,17,0
sku03_st1,64,16,0
sku03_st1,65,17,0
sku03_st1,66,19,0
sku03_st1,67,21,0
sku03_st1,68,14,0
sku03_st1,69,18,0
sku03_st1,70,21,0
sku03_st1,71,25,0
sku03_st1,72,25,0
sku03_st1,73,27,0
sku03_st1,74,26,0
sku03_st1,75,19,0
sku03_st1,76,22,0
sku03_st1,77,26,0
sku03_st1,78,26,0
sku03_st1,79,21,0
sku03_st1,80,24,0
sku03_st1,81,20,0
sku03_st1,82,17,0
sku03_st1,83,21,0
sku03_st1,84,20,0
sku03_st1,85,18,0
sku03_st1,86,21,0
sku03_st1,87,18,0
sku03_st1,88,19,0
sku03_st1,89,20,0
sku03_st1,90,23,0
sku03_st1,91,16,0
sku03_st1,92,18,0
sku03_st1,93,16,0
sku03_st1,94,15,0
sku03_st1,95,14,0
sku03_st1,96,14,0
sku03_st1,97,12,0
sku03_st1,98,14,0
sku03_st1,99,11,0
sku03_st1,100,17,1
sku03_st1,101,14,0
sku03_st1,102,12,0
sku03_st1,103,12,0
sku04_st0,0,16,0
sku04_st0,1,16,0
sku04_st0,2,19,0
sku04_st0,3,25,0
sku04_st0,4,19,0
sku04_st0,5,18,0
sku04_st0,6,13,0
sku04_st0,7,25,0
sku04_st0,8,21,0
sku04_st0,9,20,0
sku04_st0,10,14,0
sku04_st0,11,20,0
sku04_st0,12,21,0
sku04_st0,13,19,0
sku04_st0,14,16,0
sku04_st0,15,16,0
sku04_st0,16,26,0
sku04_st0,17,20,0
sku04_st0,18,18,0
sku04_st0,19,19,0
sku04_st0,20,18,0
sku04_st0,21,14,0
sku04_st0,22,20,0
sku04_st0,23,16,0
sku04_st0,24,16,0
sku04_st0,25,19,0
sku04_st0,26,12,0
sku04_st0,27,13,0
sku04_st0,28,14,0
sku04_st0,29,15,0
sku04_st0,30,11,0
sku04_st0,31,11,0
sku04_st0,32,12,0
sku04_st0,33,14,0
sku04_st0,34,10,0
sku04_st0,35,8,0
sku04_st0,36,7,0
sku04_st0,37,8,0
sku04_st0,38,9,0
sku04_st0,39,11,0
sku04_st0,40,7,0
sku04_st0,41,7,0
sku04_st0,42,9,0
sku04_st0,43,7,0
sku04_st0,44,7,0
sku04_st0,45,9,0
sku04_st0,46,7,0
sku04_st0,47,6,0
sku04_st0,48,8,0
sku04_st0,49,5,0
sku04_st0,50,8,0
sku04_st0,51,7,0
sku04_st0,52,7,0
sku04_st0,53,7,0
sku04_st0,54,7,0
sku04_st0,55,7,0
sku04_st0,56,8,0
sku04_st0,57,7,0
sku04_st0,58,6,0
sku04_st0,59,8,0
sku04_st0,60,9,0
sku04_st0,61,6,0
sku04_st0,62,8,0
sku04_st0,63,7,0
sku04_st0,64,9,0
sku04_st0,65,7,0
sku04_st0,66,8,0
sku04_st0,67,8,0
sku04_st0,68,7,0
sku04_st0,69,8,0
sku04_st0,70,6,0
sku04_st0,71,6,0
sku04_st0,72,6,0
sku04_st0,73,5,0
sku04_st0,74,5,0
sku04_st0,75,4,0
sku04_st0,76,4,0
sku04_st0,77,3,0
sku04_st0,78,3,0
sku04_st0,79,3,0
sku04_st0,80,6,1
sku04_st0,81,4,0
sku04_st0,82,4,0
sku04_st0,83,3,0
sku04_st0,84,4,0
sku04_st0,85,4,0
sku04_st0,86,4,0
sku04_st0,87,3,0
sku04_st0,88,5,1
sku04_st0,89,3,0
sku04_st0,90,3,0
sku04_st0,91,2,0
sku04_st0,92,2,0
sku04_st0,93,3,0
sku04_st0,94,2,0
sku04_st0,95,5,1
sku04_st0,96,5,1
sku04_st0,97,3,0
sku04_st0,98,3,0
sku04_st0,99,2,0
sku04_st0,100,2,0
sku04_st0,101,4,1
sku04_st0,102,3,0
sku04_st0,103,3,0
sku04_st1,0,24,0
sku04_st1,1,45,1
sku04_st1,2,49,1
sku04_st1,3,21,0
sku04_st1,4,26,0
sku04_st1,5,29,0
sku04_st1,6,23,0
sku04_st1,7,25,0
sku04_st1,8,22,0
sku04_st1,9,19,0
sku04_st1,10,26,0
sku04_st1,11,24,0
sku04_st1,12,30,0
sku04_st1,13,20,0
sku04_st1,14,23,0
sku04_st1,15,21,0
sku04_st1,16,26,0
sku04_st1,17,23,0
sku04_st1,18,20,0
sku04_st1,19,20,0
sku04_st1,20,23,0
sku04_st1,21,21,0
sku04_st1,22,20,0
sku04_st1,23,22,0
sku04_st1,24,15,0
sku04_st1,25,21,0
sku04_st1,26,22,0
sku04_st1,27,18,0
sku04_st1,28,18,0
sku04_st1,29,16,0
sku04_st1,30,14,0
sku04_st1,31,26,1
sku04_st1,32,16,0
sku04_st1,33,13,0
sku04_st1,34,22,1
sku04_st1,35,9,0
sku04_st1,36,22,1
sku04_st1,37,10,0
sku04_st1,38,10,0
sku04_st1,39,10,0
sku04_st1,40,9,0
sku04_st1,41,8,0
sku04_st1,42,10,0
sku04_st1,43,20,1
sku04_st1,44,10,0
sku04_st1,45,8,0
sku04_st1,46,8,0
sku04_st1,47,10,0
sku04_st1,48,7,0
sku04_st1,49,9,0
sku04_st1,50,11,0
sku04_st1,51,8,0
sku04_st1,52,11,0
sku04_st1,53,10,0
sku04_st1,54,9,0
sku04_st1,55,11,0
sku04_st1,56,9,0
sku04_st1,57,10,0
sku04_st1,58,8,0
sku04_st1,59,6,0
sku04_st1,60,10,0
sku04_st1,61,9,0
sku04_st1,62,9,0
sku04_st1,63,11,0
sku04_st1,64,11,0
sku04_st1,65,10,0
sku04_st1,66,10,0
sku04_st1,67,8,0
sku04_st1,68,7,0
sku04_st1,69,9,0
sku04_st1,70,7,0
sku04_st1,71,18,1
sku04_st1,72,7,0
sku04_st1,73,6,0
sku04_st1,74,6,0
sku04_st1,75,5,0
sku04_st1,76,6,0
sku04_st1,77,5,0
sku04_st1,78,6,0
sku04_st1,79,12,1
sku04_st1,80,6,1
sku04_st1,81,5,0
sku04_st1,82,5,0
sku04_st1,83,3,0
sku04_st1,84,5,0
sku04_st1,85,7,1
sku04_st1,86,4,0
sku04_st1,87,4,0
sku04_st1,88,4,0
sku04_st1,89,4,0
sku04_st1,90,4,0
sku04_st1,91,4,0
sku04_st1,92,3,0
sku04_st1,93,4,0
sku04_st1,94,3,0
sku04_st1,95,4,0
sku04_st1,96,3,0
sku04_st1,97,3,0
sku04_st1,98,4,0
sku04_st1,99,4,0
sku04_st1,100,4,0
sku04_st1,101,4,0
sku04_st1,102,4,0
sku04_st1,103,5,0
sku05_st0,0,26,0
sku05_st0,1,33,0
sku05_st0,2,25,0
sku05_st0,3,23,0
sku05_st0,4,20,0
sku05_st0,5,18,0
sku05_st0,6,20,0
sku05_st0,7,19,0
sku05_st0,8,17,0
sku05_st0,9,23,0
sku05_st0,10,14,0
sku05_st0,11,13,0
sku05_st0,12,14,0
sku05_st0,13,15,0
sku05_st0,14,13,0
sku05_st0,15,15,0
sku05_st0,16,15,0
sku05_st0,17,16,0
sku05_st0,18,13,0
sku05_st0,19,17,0
sku05_st0,20,16,0
sku05_st0,21,21,0
sku05_st0,22,13,0
sku05_st0,23,13,0
sku05_st0,24,14,0
sku05_st0,25,16,0
sku05_st0,26,17,0
sku05_st0,27,17,0
sku05_st0,28,21,0
sku05_st0,29,11,0
sku05_st0,30,12,0
sku05_st0,31,15,0
sku05_st0,32,20,0
sku05_st0,33,17,0
sku05_st0,34,13,0
sku05_st0,35,15,0
sku05_st0,36,14,0
sku05_st0,37,13,0
sku05_st0,38,12,0
sku05_st0,39,13,0
sku05_st0,40,14,0
sku05_st0,41,11,0
sku05_st0,42,12,0
sku05_st0,43,11,0
sku05_st0,44,11,0
sku05_st0,45,8,0
sku05_st0,46,8,0
sku05_st0,47,7,0
sku05_st0,48,7,0
sku05_st0,49,6,0
sku05_st0,50,5,0
sku05_st0,51,12,1
sku05_st0,52,5,0
sku05_st0,53,4,0
sku05_st0,54,6,0
sku05_st0,55,4,0
sku05_st0,56,4,0
sku05_st0,57,4,0
sku05_st0,58,4,0
sku05_st0,59,5,0
sku05_st0,60,4,0
sku05_st0,61,3,0
sku05_st0,62,7,1
sku05_st0,63,4,0
sku05_st0,64,4,0
sku05_st0,65,4,0
sku05_st0,66,4,0
sku05_st0,67,2,0
sku05_st0,68,4,0
sku05_st0,69,4,0
sku05_st0,70,4,0
sku05_st0,71,3,0
sku05_st0,72,5,0
sku05_st0,73,5,0
sku05_st0,74,5,0
sku05_st0,75,4,0
sku05_st0,76,5,0
sku05_st0,77,6,0
sku05_st0,78,6,0
sku05_st0,79,6,0
sku05_st0,80,6,0
sku05_st0,81,7,0
sku05_st0,82,6,0
sku05_st0,83,7,0
sku05_st0,84,7,0
sku05_st0,85,9,0
sku05_st0,86,6,0
sku05_st0,87,9,1
sku05_st0,88,6,0
sku05_st0,89,6,0
sku05_st0,90,7,0
sku05_st0,91,7,0
sku05_st0,92,7,0
sku05_st0,93,7,0
sku05_st0,94,7,0
sku05_st0,95,7,0
sku05_st0,96,6,0
sku05_st0,97,8,0
sku05_st0,98,6,0
sku05_st0,99,7,0
sku05_st0,100,7,0
sku05_st0,101,7,0
sku05_st0,102,4,0
sku05_st0,103,5,0
sku05_st1,0,110,1
sku05_st1,1,82,1
sku05_st1,2,30,0
sku05_st1,3,28,0
sku05_st1,4,24,0
sku05_st1,5,23,0
sku05_st1,6,28,0
sku05_st1,7,26,0
sku05_st1,8,23,0
sku05_st1,9,14,0
sku05_st1,10,22,0
sku05_st1,11,25,0
sku05_st1,12,17,0
sku05_st1,13,20,0
sku05_st1,14,23,0
sku05_st1,15,17,0
sku05_st1,16,21,0
sku05_st1,17,18,0
sku05_st1,18,23,0
sku05_st1,19,12,0
sku05_st1,20,17,0
sku05_st1,21,19,0
sku05_st1,22,21,0
sku05_st1,23,18,0
sku05_st1,24,18,0
sku05_st1,25,22,0
sku05_st1,26,20,0
sku05_st1,27,22,0
sku05_st1,28,21,0
sku05_st1,29,17,0
sku05_st1,30,35,1
sku05_st1,31,19,0
sku05_st1,32,21,0
sku05_st1,33,17,0
sku05_st1,34,20,0
sku05_st1,35,12,0
sku05_st1,36,16,0
sku05_st1,37,13,0
sku05_st1,38,20,0
sku05_st1,39,15,0
sku05_st1,40,17,0
sku05_st1,41,11,0
sku05_st1,42,17,0
sku05_st1,43,13,0
sku05_st1,44,16,0
sku05_st1,45,11,0
sku05_st1,46,8,0
sku05_st1,47,8,0
sku05_st1,48,8,0
sku05_st1,49,7,0
sku05_st1,50,8,0
sku05_st1,51,7,0
sku05_st1,52,6,0
sku05_st1,53,7,0
sku05_st1,54,6,0
sku05_st1,55,7,0
sku05_st1,56,5,0
sku05_st1,57,6,0
sku05_st1,58,5,0
sku05_st1,59,6,0
sku05_st1,60,4,0
sku05_st1,61,4,0
sku05_st1,62,5,0
sku05_st1,63,4,0
sku05_st1,64,5,0
sku05_st1,65,5,0
sku05_st1,66,5,0
sku05_st1,67,5,0
sku05_st1,68,4,0
sku05_st1,69,4,0
sku05_st1,70,6,0
sku05_st1,71,11,1
sku05_st1,72,6,0
sku05_st1,73,12,1
sku05_st1,74,7,0
sku05_st1,75,6,0
sku05_st1,76,7,0
sku05_st1,77,7,0
sku05_st1,78,8,0
sku05_st1,79,7,0
sku05_st1,80,7,0
sku05_st1,81,8,0
sku05_st1,82,9,0
sku05_st1,83,20,1
sku05_st1,84,9,0
sku05_st1,85,8,0
sku05_st1,86,14,1
sku05_st1,87,9,0
sku05_st1,88,9,0
sku05_st1,89,10,0
sku05_st1,90,9,0
sku05_st1,91,9,0
sku05_st1,92,11,0
sku05_st1,93,9,0
sku05_st1,94,10,0
sku05_st1,95,10,0
sku05_st1,96,9,0
sku05_st1,97,8,0
sku05_st1,98,7,0
sku05_st1,99,6,0
sku05_st1,100,9,0
sku05_st1,101,8,0
sku05_st1,102,8,0
sku05_st1,103,7,0
sku06_st0,0,10,0
sku06_st0,1,12,0
sku06_st0,2,13,0
sku06_st0,3,8,0
sku06_st0,4,13,0
sku06_st0,5,11,0
sku06_st0,6,11,0
sku06_st0,7,11,0
sku06_st0,8,9,0
sku06_st0,9,6,0
sku06_st0,10,11,0
sku06_st0,11,10,0
sku06_st0,12,7,0
sku06_st0,13,6,0
sku06_st0,14,8,0
sku06_st0,15,6,0
sku06_st0,16,6,0
sku06_st0,17,7,0
sku06_st0,18,6,0
sku06_st0,19,6,0
sku06_st0,20,5,0
sku06_st0,21,5,0
sku06_st0,22,3,0
sku06_st0,23,5,0
sku06_st0,24,3,0
sku06_st0,25,4,0
sku06_st0,26,4,0
sku06_st0,27,5,0
sku06_st0,28,4,0
sku06_st0,29,5,0
sku06_st0,30,3,0
sku06_st0,31,4,0
sku06_st0,32,3,0
sku06_st0,33,4,0
sku06_st0,34,4,0
sku06_st0,35,4,0
sku06_st0,36,5,0
sku06_st0,37,4,0
sku06_st0,38,5,0
sku06_st0,39,4,0
sku06_st0,40,4,0
sku06_st0,41,4,0
sku06_st0,42,5,0
sku06_st0,43,4,0
sku06_st0,44,4,0
sku06_st0,45,4,0
sku06_st0,46,4,0
sku06_st0,47,3,0
sku06_st0,48,4,0
sku06_st0,49,4,0
sku06_st0,50,3,0
sku06_st0,51,2,0
sku06_st0,52,3,0
sku06_st0,53,2,0
sku06_st0,54,2,0
sku06_st0,55,5,1
sku06_st0,56,2,0
sku06_st0,57,2,0
sku06_st0,58,2,0
sku06_st0,59,2,0
sku06_st0,60,2,0
sku06_st0,61,3,0
sku06_st0,62,2,0
sku06_st0,63,2,0
sku06_st0,64,3,0
sku06_st0,65,2,0
sku06_st0,66,3,0
sku06_st0,67,3,0
sku06_st0,68,2,0
sku06_st0,69,2,0
sku06_st0,70,4,1
sku06_st0,71,3,0
sku06_st0,72,3,0
sku06_st0,73,4,0
sku06_st0,74,4,0
sku06_st0,75,3,0
sku06_st0,76,3,0
sku06_st0,77,5,0
sku06_st0,78,4,0
sku06_st0,79,2,0
sku06_st0,80,4,0
sku06_st0,81,5,0
sku06_st0,82,4,0
sku06_st0,83,4,0
sku06_st0,84,5,0
sku06_st0,85,4,0
sku06_st0,86,5,0
sku06_st0,87,5,0
sku06_st0,88,4,0
sku06_st0,89,4,0
sku06_st0,90,3,0
sku06_st0,91,3,0
sku06_st0,92,4,0
sku06_st0,93,4,0
sku06_st0,94,4,0
sku06_st0,95,5,0
sku06_st0,96,4,0
sku06_st0,97,3,0
sku06_st0,98,4,0
sku06_st0,99,3,0
sku06_st0,100,6,1
sku06_st0,101,4,1
sku06_st0,102,3,0
sku06_st0,103,3,0
sku06_st1,0,20,0
sku06_st1,1,15,0
sku06_st1,2,14,0
sku06_st1,3,14,0
sku06_st1,4,10,0
sku06_st1,5,15,0
sku06_st1,6,14,0
sku06_st1,7,11,0
sku06_st1,8,11,0
sku06_st1,9,12,0
sku06_st1,10,11,0
sku06_st1,11,12,0
sku06_st1,12,11,0
sku06_st1,13,10,0
sku06_st1,14,9,0
sku06_st1,15,8,0
sku06_st1,16,10,0
sku06_st1,17,7,0
sku06_st1,18,9,0
sku06_st1,19,7,0
sku06_st1,20,7,0
sku06_st1,21,6,0
sku06_st1,22,6,0
sku06_st1,23,4,0
sku06_st1,24,5,0
sku06_st1,25,4,0
sku06_st1,26,9,1
sku06_st1,27,5,0
sku06_st1,28,5,0
sku06_st1,29,7,1
sku06_st1,30,6,0
sku06_st1,31,4,0
sku06_st1,32,12,1
sku06_st1,33,6,0
sku06_st1,34,7,0
sku06_st1,35,8,0
sku06_st1,36,7,0
sku06_st1,37,5,0
sku06_st1,38,5,0
sku06_st1,39,6,0
sku06_st1,40,5,0
sku06_st1,41,6,0
sku06_st1,42,6,0
sku06_st1,43,4,0
sku06_st1,44,4,0
sku06_st1,45,5,0
sku06_st1,46,5,0
sku06_st1,47,4,0
sku06_st1,48,5,0
sku06_st1,49,6,1
sku06_st1,50,3,0
sku06_st1,51,3,0
sku06_st1,52,3,0
sku06_st1,53,4,0
sku06_st1,54,3,0
sku06_st1,55,2,0
sku06_st1,56,3,0
sku06_st1,57,3,0
sku06_st1,58,3,0
sku06_st1,59,3,0
sku06_st1,60,3,0
sku06_st1,61,4,0
sku06_st1,62,3,0
sku06_st1,63,4,0
sku06_st1,64,3,0
sku06_st1,65,3,0
sku06_st1,66,4,0
sku06_st1,67,3,0
sku06_st1,68,3,0
sku06_st1,69,5,0
sku06_st1,70,4,0
sku06_st1,71,4,0
sku06_st1,72,5,0
sku06_st1,73,4,0
sku06_st1,74,6,0
sku06_st1,75,4,0
sku06_st1,76,5,0
sku06_st1,77,5,0
sku06_st1,78,6,0
sku06_st1,79,7,0
sku06_st1,80,5,0
sku06_st1,81,5,0
sku06_st1,82,5,0
sku06_st1,83,5,0
sku06_st1,84,6,0
sku06_st1,85,5,0
sku06_st1,86,5,0
sku06_st1,87,7,0
sku06_st1,88,5,0
sku06_st1,89,4,0
sku06_st1,90,5,0
sku06_st1,91,7,0
sku06_st1,92,5,0
sku06_st1,93,5,0
sku06_st1,94,6,0
sku06_st1,95,5,0
sku06_st1,96,4,0
sku06_st1,97,4,0
sku06_st1,98,3,0
sku06_st1,99,5,0
sku06_st1,100,4,0
sku06_st1,101,3,0
sku06_st1,102,4,0
sku06_st1,103,4,0
sku07_st0,0,9,0
sku07_st0,1,9,0
sku07_st0,2,8,0
sku07_st0,3,10,0
sku07_st0,4,8,0
sku07_st0,5,9,0
sku07_st0,6,13,0
sku07_st0,7,12,0
sku07_st0,8,10,0
sku07_st0,9,9,0
sku07_st0,10,12,0
sku07_st0,11,12,0
sku07_st0,12,12,0
sku07_st0,13,13,0
sku07_st0,14,8,0
sku07_st0,15,13,0
sku07_st0,16,9,0
sku07_st0,17,10,0
sku07_st0,18,7,0
sku07_st0,19,8,0
sku07_st0,20,9,0
sku07_st0,21,9,0
sku07_st0,22,7,0
sku07_st0,23,7,0
sku07_st0,24,6,0
sku07_st0,25,7,0
sku07_st0,26,4,0
sku07_st0,27,7,0
sku07_st0,28,8,1
sku07_st0,29,5,0
sku07_st0,30,4,0
sku07_st0,31,5,0
sku07_st0,32,5,0
sku07_st0,33,4,0
sku07_st0,34,4,0
sku07_st0,35,3,0
sku07_st0,36,3,0
sku07_st0,37,3,0
sku07_st0,38,3,0
sku07_st0,39,3,0
sku07_st0,40,3,0
sku07_st0,41,3,0
sku07_st0,42,2,0
sku07_st0,43,3,0
sku07_st0,44,2,0
sku07_st0,45,2,0
sku07_st0,46,3,0
sku07_st0,47,3,0
sku07_st0,48,3,0
sku07_st0,49,3,0
sku07_st0,50,3,0
sku07_st0,51,2,0
sku07_st0,52,3,0
sku07_st0,53,3,0
sku07_st0,54,2,0
sku07_st0,55,4,1
sku07_st0,56,2,0
sku07_st0,57,2,0
sku07_st0,58,2,0
sku07_st0,59,2,0
sku07_st0,60,2,0
sku07_st0,61,3,0
sku07_st0,62,3,0
sku07_st0,63,3,0
sku07_st0,64,3,0
sku07_st0,65,3,0
sku07_st0,66,2,0
sku07_st0,67,6,1
sku07_st0,68,5,1
sku07_st0,69,2,0
sku07_st0,70,2,0
sku07_st0,71,3,0
sku07_st0,72,2,0
sku07_st0,73,2,0
sku07_st0,74,4,1
sku07_st0,75,2,0
sku07_st0,76,2,0
sku07_st0,77,2,0
sku07_st0,78,2,0
sku07_st0,79,2,0
sku07_st0,80,2,0
sku07_st0,81,2,1
sku07_st0,82,2,0
sku07_st0,83,2,0
sku07_st0,84,1,0
sku07_st0,85,1,0
sku07_st0,86,2,1
sku07_st0,87,2,0
sku07_st0,88,2,0
sku07_st0,89,1,0
sku07_st0,90,1,0
sku07_st0,91,1,0
sku07_st0,92,2,0
sku07_st0,93,1,0
sku07_st0,94,1,0
sku07_st0,95,1,0
sku07_st0,96,1,0
sku07_st0,97,1,0
sku07_st0,98,1,0
sku07_st0,99,2,0
sku07_st0,100,2,0
sku07_st0,101,2,0
sku07_st0,102,2,0
sku07_st0,103,2,0
sku07_st1,0,20,1
sku07_st1,1,13,0
sku07_st1,2,16,1
sku07_st1,3,12,0
sku07_st1,4,10,0
sku07_st1,5,13,0
sku07_st1,6,12,0
sku07_st1,7,10,0
sku07_st1,8,15,0
sku07_st1,9,12,0
sku07_st1,10,12,0
sku07_st1,11,14,0
sku07_st1,12,14,0
sku07_st1,13,14,0
sku07_st1,14,12,0
sku07_st1,15,13,0
sku07_st1,16,14,0
sku07_st1,17,9,0
sku07_st1,18,15,0
sku07_st1,19,13,0
sku07_st1,20,8,0
sku07_st1,21,10,0
sku07_st1,22,8,0
sku07_st1,23,10,0
sku07_st1,24,8,0
sku07_st1,25,7,0
sku07_st1,26,7,0
sku07_st1,27,9,0
sku07_st1,28,8,0
sku07_st1,29,8,0
sku07_st1,30,6,0
sku07_st1,31,12,1
sku07_st1,32,4,0
sku07_st1,33,5,0
sku07_st1,34,5,0
sku07_st1,35,5,0
sku07_st1,36,5,0
sku07_st1,37,5,0
sku07_st1,38,4,0
sku07_st1,39,3,0
sku07_st1,40,5,0
sku07_st1,41,4,0
sku07_st1,42,4,0
sku07_st1,43,3,0
sku07_st1,44,3,0
sku07_st1,45,3,0
sku07_st1,46,3,0
sku07_st1,47,2,0
sku07_st1,48,3,0
sku07_st1,49,4,0
sku07_st1,50,4,0
sku07_st1,51,4,0
sku07_st1,52,4,0
sku07_st1,53,3,0
sku07_st1,54,3,0
sku07_st1,55,3,0
sku07_st1,56,8,1
sku07_st1,57,3,0
sku07_st1,58,9,1
sku07_st1,59,3,0
sku07_st1,60,3,0
sku07_st1,61,3,0
sku07_st1,62,3,0
sku07_st1,63,3,0
sku07_st1,64,3,0
sku07_st1,65,3,0
sku07_st1,66,8,1
sku07_st1,67,2,0
sku07_st1,68,3,0
sku07_st1,69,3,0
sku07_st1,70,3,0
sku07_st1,71,3,0
sku07_st1,72,3,0
sku07_st1,73,2,0
sku07_st1,74,3,0
sku07_st1,75,3,0
sku07_st1,76,2,0
sku07_st1,77,2,0
sku07_st1,78,3,0
sku07_st1,79,2,0
sku07_st1,80,2,0
sku07_st1,81,2,0
sku07_st1,82,2,0
sku07_st1,83,2,0
sku07_st1,84,2,0
sku07_st1,85,2,0
sku07_st1,86,2,0
sku07_st1,87,2,0
sku07_st1,88,2,0
sku07_st1,89,2,0
sku07_st1,90,2,0
sku07_st1,91,2,0
sku07_st1,92,2,0
sku07_st1,93,1,0
sku07_st1,94,2,0
sku07_st1,95,4,1
sku07_st1,96,2,0
sku07_st1,97,5,1
sku07_st1,98,2,0
sku07_st1,99,2,0
sku07_st1,100,2,0
sku07_st1,101,2,0
sku07_st1,102,2,0
sku07_st1,103,2,0
sku08_st0,0,23,0
sku08_st0,1,26,0
sku08_st0,2,26,0
sku08_st0,3,18,0
sku08_st0,4,26,0
sku08_st0,5,20,0
sku08_st0,6,14,0
sku08_st0,7,18,0
sku08_st0,8,19,0
sku08_st0,9,21,0
sku08_st0,10,21,0
sku08_st0,11,45,1
sku08_st0,12,26,0
sku08_st0,13,19,0
sku08_st0,14,24,0
sku08_st0,15,14,0
sku08_st0,16,18,0
sku08_st0,17,16,0
sku08_st0,18,18,0
sku08_st0,19,20,0
sku08_st0,20,28,0
sku08_st0,21,22,0
sku08_st0,22,27,0
sku08_st0,23,22,0
sku08_st0,24,22,0
sku08_st0,25,55,1
sku08_st0,26,29,0
sku08_st0,27,23,0
sku08_st0,28,23,0
sku08_st0,29,31,0
sku08_st0,30,22,0
sku08_st0,31,22,0
sku08_st0,32,37,0
sku08_st0,33,21,0
sku08_st0,34,33,0
sku08_st0,35,27,0
sku08_st0,36,31,0
sku08_st0,37,31,0
sku08_st0,38,27,0
sku08_st0,39,28,0
sku08_st0,40,31,0
sku08_st0,41,32,0
sku08_st0,42,30,0
sku08_st0,43,26,0
sku08_st0,44,24,0
sku08_st0,45,20,0
sku08_st0,46,24,0
sku08_st0,47,22,0
sku08_st0,48,25,0
sku08_st0,49,22,0
sku08_st0,50,23,0
sku08_st0,51,15,0
sku08_st0,52,22,0
sku08_st0,53,18,0
sku08_st0,54,14,0
sku08_st0,55,12,0
sku08_st0,56,40,1
sku08_st0,57,15,0
sku08_st0,58,14,0
sku08_st0,59,12,0
sku08_st0,60,17,1
sku08_st0,61,16,0
sku08_st0,62,10,0
sku08_st0,63,13,0
sku08_st0,64,12,0
sku08_st0,65,14,0
sku08_st0,66,10,0
sku08_st0,67,13,0
sku08_st0,68,12,0
sku08_st0,69,15,0
sku08_st0,70,15,0
sku08_st0,71,13,0
sku08_st0,72,17,0
sku08_st0,73,17,0
sku08_st0,74,13,0
sku08_st0,75,12,0
sku08_st0,76,16,0
sku08_st0,77,18,0
sku08_st0,78,15,0
sku08_st0,79,18,0
sku08_st0,80,18,0
sku08_st0,81,23,0
sku08_st0,82,16,0
sku08_st0,83,22,0
sku08_st0,84,22,0
sku08_st0,85,19,0
sku08_st0,86,14,0
sku08_st0,87,20,0
sku08_st0,88,15,0
sku08_st0,89,25,0
sku08_st0,90,18,0
sku08_st0,91,24,0
sku08_st0,92,19,0
sku08_st0,93,16,0
sku08_st0,94,20,0
sku08_st0,95,18,0
sku08_st0,96,22,0
sku08_st0,97,14,0
sku08_st0,98,18,0
sku08_st0,99,19,0
sku08_st0,100,17,0
sku08_st0,101,15,0
sku08_st0,102,15,0
sku08_st0,103,12,0
sku08_st1,0,28,0
sku08_st1,1,34,1
sku08_st1,2,34,0
sku08_st1,3,30,0
sku08_st1,4,28,0
sku08_st1,5,23,0
sku08_st1,6,25,0
sku08_st1,7,25,0
sku08_st1,8,28,0
sku08_st1,9,26,0
sku08_st1,10,21,0
sku08_st1,11,23,0
sku08_st1,12,22,0
sku08_st1,13,24,0
sku08_st1,14,18,0
sku08_st1,15,24,0
sku08_st1,16,24,0
sku08_st1,17,31,0
sku08_st1,18,32,0
sku08_st1,19,33,0
sku08_st1,20,32,0
sku08_st1,21,32,0
sku08_st1,22,29,0
sku08_st1,23,27,0
sku08_st1,24,32,0
sku08_st1,25,30,0
sku08_st1,26,33,0
sku08_st1,27,34,0
sku08_st1,28,26,0
sku08_st1,29,38,0
sku08_st1,30,39,0
sku08_st1,31,29,0
sku08_st1,32,31,0
sku08_st1,33,33,0
sku08_st1,34,34,0
sku08_st1,35,38,0
sku08_st1,36,31,0
sku08_st1,37,30,0
sku08_st1,38,51,0
sku08_st1,39,40,0
sku08_st1,40,25,0
sku08_st1,41,41,0
sku08_st1,42,30,0
sku08_st1,43,28,0
sku08_st1,44,32,0
sku08_st1,45,28,0
sku08_st1,46,32,0
sku08_st1,47,52,1
sku08_st1,48,27,0
sku08_st1,49,29,0
sku08_st1,50,26,0
sku08_st1,51,21,0
sku08_st1,52,25,0
sku08_st1,53,23,0
sku08_st1,54,23,0
sku08_st1,55,23,0
sku08_st1,56,24,0
sku08_st1,57,21,0
sku08_st1,58,19,0
sku08_st1,59,20,0
sku08_st1,60,16,0
sku08_st1,61,16,0
sku08_st1,62,33,1
sku08_st1,63,13,0
sku08_st1,64,12,0
sku08_st1,65,24,0
sku08_st1,66,13,0
sku08_st1,67,15,0
sku08_st1,68,17,0
sku08_st1,69,17,0
sku08_st1,70,18,0
sku08_st1,71,18,0
sku08_st1,72,21,0
sku08_st1,73,19,0
sku08_st1,74,22,0
sku08_st1,75,21,0
sku08_st1,76,25,0
sku08_st1,77,26,0
sku08_st1,78,21,0
sku08_st1,79,25,0
sku08_st1,80,28,0
sku08_st1,81,21,0
sku08_st1,82,24,0
sku08_st1,83,26,0
sku08_st1,84,21,0
sku08_st1,85,32,0
sku08_st1,86,24,0
sku08_st1,87,57,1
sku08_st1,88,31,0
sku08_st1,89,27,0
sku08_st1,90,24,0
sku08_st1,91,20,0
sku08_st1,92,23,0
sku08_st1,93,20,0
sku08_st1,94,23,0
sku08_st1,95,13,0
sku08_st1,96,21,0
sku08_st1,97,21,0
sku08_st1,98,18,0
sku08_st1,99,18,0
sku08_st1,100,17,0
sku08_st1,101,17,0
sku08_st1,102,20,0
sku08_st1,103,18,0
sku09_st0,0,43,0
sku09_st0,1,45,0
sku09_st0,2,35,0
sku09_st0,3,54,0
sku09_st0,4,35,0
sku09_st0,5,39,0
sku09_st0,6,35,0
sku09_st0,7,34,0
sku09_st0,8,33,0
sku09_st0,9,64,1
sku09_st0,10,30,0
sku09_st0,11,33,0
sku09_st0,12,31,0
sku09_st0,13,22,0
sku09_st0,14,27,0
sku09_st0,15,21,0
sku09_st0,16,23,0
sku09_st0,17,20,0
sku09_st0,18,20,0
sku09_st0,19,18,0
sku09_st0,20,25,0
sku09_st0,21,25,0
sku09_st0,22,24,0
sku09_st0,23,23,0
sku09_st0,24,20,0
sku09_st0,25,24,0
sku09_st0,26,28,0
sku09_st0,27,29,0
sku09_st0,28,34,0
sku09_st0,29,35,0
sku09_st0,30,31,0
sku09_st0,31,29,0
sku09_st0,32,29,0
sku09_st0,33,26,0
sku09_st0,34,29,0
sku09_st0,35,27,0
sku09_st0,36,46,0
sku09_st0,37,39,0
sku09_st0,38,41,0
sku09_st0,39,37,0
sku09_st0,40,53,0
sku09_st0,41,33,0
sku09_st0,42,30,0
sku09_st0,43,54,0
sku09_st0,44,32,0
sku09_st0,45,38,0
sku09_st0,46,35,0
sku09_st0,47,41,0
sku09_st0,48,36,0
sku09_st0,49,41,0
sku09_st0,50,41,0
sku09_st0,51,28,0
sku09_st0,52,31,0
sku09_st0,53,38,0
sku09_st0,54,38,0
sku09_st0,55,33,0
sku09_st0,56,32,0
sku09_st0,57,36,0
sku09_st0,58,27,0
sku09_st0,59,28,0
sku09_st0,60,30,0
sku09_st0,61,29,0
sku09_st0,62,23,0
sku09_st0,63,20,0
sku09_st0,64,21,0
sku09_st0,65,21,0
sku09_st0,66,18,0
sku09_st0,67,18,0
sku09_st0,68,23,0
sku09_st0,69,20,0
sku09_st0,70,18,0
sku09_st0,71,16,0
sku09_st0,72,17,0
sku09_st0,73,14,0
sku09_st0,74,19,0
sku09_st0,75,17,0
sku09_st0,76,20,0
sku09_st0,77,22,0
sku09_st0,78,21,0
sku09_st0,79,20,0
sku09_st0,80,19,0
sku09_st0,81,18,0
sku09_st0,82,27,0
sku09_st0,83,24,0
sku09_st0,84,23,0
sku09_st0,85,27,0
sku09_st0,86,29,0
sku09_st0,87,24,0
sku09_st0,88,28,0
sku09_st0,89,28,0
sku09_st0,90,34,0
sku09_st0,91,27,0
sku09_st0,92,25,0
sku09_st0,93,30,0
sku09_st0,94,32,0
sku09_st0,95,30,0
sku09_st0,96,35,0
sku09_st0,97,27,0
sku09_st0,98,29,0
sku09_st0,99,22,0
sku09_st0,100,24,0
sku09_st0,101,24,0
sku09_st0,102,26,0
sku09_st0,103,21,0
sku09_st1,0,63,0
sku09_st1,1,50,0
sku09_st1,2,72,0
sku09_st1,3,47,0
sku09_st1,4,51,0
sku09_st1,5,77,1
sku09_st1,6,46,0
sku09_st1,7,41,0
sku09_st1,8,92,1
sku09_st1,9,44,0
sku09_st1,10,43,0
sku09_st1,11,43,0
sku09_st1,12,40,0
sku09_st1,13,99,1
sku09_st1,14,31,0
sku09_st1,15,35,0
sku09_st1,16,32,0
sku09_st1,17,21,0
sku09_st1,18,58,1
sku09_st1,19,25,0
sku09_st1,20,19,0
sku09_st1,21,29,0
sku09_st1,22,37,0
sku09_st1,23,33,0
sku09_st1,24,38,0
sku09_st1,25,30,0
sku09_st1,26,32,0
sku09_st1,27,48,0
sku09_st1,28,33,0
sku09_st1,29,41,0
sku09_st1,30,43,0
sku09_st1,31,43,0
sku09_st1,32,46,0
sku09_st1,33,38,0
sku09_st1,34,42,0
sku09_st1,35,29,0
sku09_st1,36,57,0
sku09_st1,37,52,0
sku09_st1,38,44,0
sku09_st1,39,44,0
sku09_st1,40,59,0
sku09_st1,41,45,0
sku09_st1,42,46,0
sku09_st1,43,43,0
sku09_st1,44,57,0
sku09_st1,45,89,1
sku09_st1,46,43,0
sku09_st1,47,44,0
sku09_st1,48,49,0
sku09_st1,49,44,0
sku09_st1,50,49,0
sku09_st1,51,49,0
sku09_st1,52,69,0
sku09_st1,53,41,0
sku09_st1,54,31,0
sku09_st1,55,53,0
sku09_st1,56,29,0
sku09_st1,57,68,1
sku09_st1,58,33,0
sku09_st1,59,37,0
sku09_st1,60,39,0
sku09_st1,61,50,1
sku09_st1,62,24,0
sku09_st1,63,31,0
sku09_st1,64,24,0
sku09_st1,65,29,0
sku09_st1,66,29,0
sku09_st1,67,23,0
sku09_st1,68,23,0
sku09_st1,69,32,1
sku09_st1,70,28,0
sku09_st1,71,60,1
sku09_st1,72,25,0
sku09_st1,73,22,0
sku09_st1,74,32,0
sku09_st1,75,27,0
sku09_st1,76,21,0
sku09_st1,77,22,0
sku09_st1,78,20,0
sku09_st1,79,28,0
sku09_st1,80,19,0
sku09_st1,81,38,0
sku09_st1,82,28,0
sku09_st1,83,34,0
sku09_st1,84,30,0
sku09_st1,85,34,0
sku09_st1,86,32,0
sku09_st1,87,34,0
sku09_st1,88,41,0
sku09_st1,89,45,0
sku09_st1,90,45,0
sku09_st1,91,55,0
sku09_st1,92,33,0
sku09_st1,93,39,0
sku09_st1,94,34,0
sku09_st1,95,44,0
sku09_st1,96,32,0
sku09_st1,97,44,0
sku09_st1,98,38,0
sku09_st1,99,80,1
sku09_st1,100,31,0
sku09_st1,101,31,0
sku09_st1,102,34,0
sku09_st1,103,36,0
sku10_st0,0,18,0
sku10_st0,1,15,0
sku10_st0,2,13,0
sku10_st0,3,21,0
sku10_st0,4,19,0
sku10_st0,5,17,0
sku10_st0,6,16,0
sku10_st0,7,16,0
sku10_st0,8,21,0
sku10_st0,9,15,0
sku10_st0,10,19,0
sku10_st0,11,19,0
sku10_st0,12,20,0
sku10_st0,13,16,0
sku10_st0,14,21,0
sku10_st0,15,19,0
sku10_st0,16,15,0
sku10_st0,17,14,0
sku10_st0,18,15,0
sku10_st0,19,14,0
sku10_st0,20,12,0
sku10_st0,21,14,0
sku10_st0,22,13,0
sku10_st0,23,16,0
sku10_st0,24,25,1
sku10_st0,25,11,0
sku10_st0,26,11,0
sku10_st0,27,14,0
sku10_st0,28,7,0
sku10_st0,29,10,0
sku10_st0,30,10,0
sku10_st0,31,14,1
sku10_st0,32,8,0
sku10_st0,33,13,0
sku10_st0,34,9,0
sku10_st0,35,9,0
sku10_st0,36,8,0
sku10_st0,37,9,0
sku10_st0,38,6,0
sku10_st0,39,7,0
sku10_st0,40,10,0
sku10_st0,41,8,0
sku10_st0,42,16,1
sku10_st0,43,6,0
sku10_st0,44,9,0
sku10_st0,45,9,0
sku10_st0,46,16,1
sku10_st0,47,11,0
sku10_st0,48,9,0
sku10_st0,49,9,0
sku10_st0,50,30,1
sku10_st0,51,11,0
sku10_st0,52,13,0
sku10_st0,53,11,0
sku10_st0,54,8,0
sku10_st0,55,13,0
sku10_st0,56,12,0
sku10_st0,57,23,1
sku10_st0,58,16,0
sku10_st0,59,9,0
sku10_st0,60,13,0
sku10_st0,61,10,0
sku10_st0,62,13,0
sku10_st0,63,11,0
sku10_st0,64,12,0
sku10_st0,65,13,0
sku10_st0,66,15,0
sku10_st0,67,14,0
sku10_st0,68,10,0
sku10_st0,69,11,0
sku10_st0,70,18,1
sku10_st0,71,10,0
sku10_st0,72,9,0
sku10_st0,73,9,0
sku10_st0,74,8,0
sku10_st0,75,9,0
sku10_st0,76,10,0
sku10_st0,77,9,0
sku10_st0,78,7,0
sku10_st0,79,8,0
sku10_st0,80,7,0
sku10_st0,81,8,0
sku10_st0,82,5,0
sku10_st0,83,5,0
sku10_st0,84,6,0
sku10_st0,85,6,0
sku10_st0,86,6,0
sku10_st0,87,6,0
sku10_st0,88,6,0
sku10_st0,89,6,0
sku10_st0,90,11,1
sku10_st0,91,6,0
sku10_st0,92,6,0
sku10_st0,93,6,0
sku10_st0,94,6,0
sku10_st0,95,13,1
sku10_st0,96,6,0
sku10_st0,97,7,0
sku10_st0,98,9,0
sku10_st0,99,6,0
sku10_st0,100,7,0
sku10_st0,101,7,0
sku10_st0,102,17,1
sku10_st0,103,7,0
sku10_st1,0,29,0
sku10_st1,1,23,0
sku10_st1,2,28,0
sku10_st1,3,20,0
sku10_st1,4,24,0
sku10_st1,5,26,0
sku10_st1,6,24,0
sku10_st1,7,25,0
sku10_st1,8,24,0
sku10_st1,9,30,0
sku10_st1,10,25,0
sku10_st1,11,29,0
sku10_st1,12,20,0
sku10_st1,13,24,0
sku10_st1,14,21,0
sku10_st1,15,22,0
sku10_st1,16,16,0
sku10_st1,17,17,0
sku10_st1,18,18,0
sku10_st1,19,21,0
sku10_st1,20,16,0
sku10_st1,21,17,0
sku10_st1,22,20,0
sku10_st1,23,17,0
sku10_st1,24,18,0
sku10_st1,25,14,0
sku10_st1,26,12,0
sku10_st1,27,13,0
sku10_st1,28,15,0
sku10_st1,29,12,0
sku10_st1,30,11,0
sku10_st1,31,13,0
sku10_st1,32,15,0
sku10_st1,33,11,0
sku10_st1,34,9,0
sku10_st1,35,9,0
sku10_st1,36,13,0
sku10_st1,37,8,0
sku10_st1,38,12,0
sku10_st1,39,7,0
sku10_st1,40,11,0
sku10_st1,41,13,0
sku10_st1,42,10,0
sku10_st1,43,15,0
sku10_st1,44,13,0
sku10_st1,45,14,0
sku10_st1,46,14,0
sku10_st1,47,14,0
sku10_st1,48,15,0
sku10_st1,49,8,0
sku10_st1,50,16,0
sku10_st1,51,13,0
sku10_st1,52,44,1
sku10_st1,53,13,0
sku10_st1,54,17,0
sku10_st1,55,17,0
sku10_st1,56,10,0
sku10_st1,57,19,0
sku10_st1,58,19,0
sku10_st1,59,20,0
sku10_st1,60,18,0
sku10_st1,61,20,0
sku10_st1,62,15,0
sku10_st1,63,20,0
sku10_st1,64,15,0
sku10_st1,65,17,0
sku10_st1,66,18,0
sku10_st1,67,16,0
sku10_st1,68,19,0
sku10_st1,69,14,0
sku10_st1,70,15,0
sku10_st1,71,14,0
sku10_st1,72,15,0
sku10_st1,73,11,0
sku10_st1,74,15,0
sku10_st1,75,10,0
sku10_st1,76,13,0
sku10_st1,77,9,0
sku10_st1,78,11,0
sku10_st1,79,15,1
sku10_st1,80,11,0
sku10_st1,81,8,0
sku10_st1,82,7,0
sku10_st1,83,6,0
sku10_st1,84,7,0
sku10_st1,85,8,0
sku10_st1,86,4,0
sku10_st1,87,7,0
sku10_st1,88,9,0
sku10_st1,89,8,0
sku10_st1,90,7,0
sku10_st1,91,7,0
sku10_st1,92,7,0
sku10_st1,93,6,0
sku10_st1,94,8,0
sku10_st1,95,8,0
sku10_st1,96,15,1
sku10_st1,97,7,0
sku10_st1,98,8,0
sku10_st1,99,8,0
sku10_st1,100,10,0
sku10_st1,101,10,0
sku10_st1,102,8,0
sku10_st1,103,9,0
sku11_st0,0,20,0
sku11_st0,1,18,0
sku11_st0,2,13,0
sku11_st0,3,15,0
sku11_st0,4,13,0
sku11_st0,5,22,1
sku11_st0,6,13,0
sku11_st0,7,15,0
sku11_st0,8,13,0
sku11_st0,9,12,0
sku11_st0,10,13,0
sku11_st0,11,21,1
sku11_st0,12,11,0
sku11_st0,13,12,0
sku11_st0,14,13,0
sku11_st0,15,11,0
sku11_st0,16,13,0
sku11_st0,17,11,0
sku11_st0,18,11,0
sku11_st0,19,16,0
sku11_st0,20,13,0
sku11_st0,21,14,0
sku11_st0,22,13,0
sku11_st0,23,14,0
sku11_st0,24,18,0
sku11_st0,25,14,0
sku11_st0,26,16,0
sku11_st0,27,17,0
sku11_st0,28,12,0
sku11_st0,29,19,0
sku11_st0,30,22,0
sku11_st0,31,20,0
sku11_st0,32,37,1
sku11_st0,33,21,0
sku11_st0,34,24,0
sku11_st0,35,19,0
sku11_st0,36,26,0
sku11_st0,37,25,0
sku11_st0,38,29,0
sku11_st0,39,24,0
sku11_st0,40,20,0
sku11_st0,41,24,0
sku11_st0,42,24,0
sku11_st0,43,27,0
sku11_st0,44,19,0
sku11_st0,45,17,0
sku11_st0,46,23,0
sku11_st0,47,28,0
sku11_st0,48,23,0
sku11_st0,49,23,0
sku11_st0,50,16,0
sku11_st0,51,20,0
sku11_st0,52,22,0
sku11_st0,53,19,0
sku11_st0,54,14,0
sku11_st0,55,17,0
sku11_st0,56,18,0
sku11_st0,57,8,0
sku11_st0,58,15,0
sku11_st0,59,13,0
sku11_st0,60,16,0
sku11_st0,61,13,0
sku11_st0,62,15,0
sku11_st0,63,14,0
sku11_st0,64,13,0
sku11_st0,65,17,0
sku11_st0,66,12,0
sku11_st0,67,14,0
sku11_st0,68,14,0
sku11_st0,69,14,0
sku11_st0,70,19,0
sku11_st0,71,16,0
sku11_st0,72,14,0
sku11_st0,73,20,0
sku11_st0,74,19,0
sku11_st0,75,16,0
sku11_st0,76,22,0
sku11_st0,77,15,0
sku11_st0,78,16,0
sku11_st0,79,15,0
sku11_st0,80,15,0
sku11_st0,81,26,0
sku11_st0,82,23,0
sku11_st0,83,18,0
sku11_st0,84,24,0
sku11_st0,85,28,0
sku11_st0,86,53,1
sku11_st0,87,25,0
sku11_st0,88,19,0
sku11_st0,89,31,0
sku11_st0,90,24,0
sku11_st0,91,26,0
sku11_st0,92,29,0
sku11_st0,93,29,0
sku11_st0,94,27,0
sku11_st0,95,25,0
sku11_st0,96,26,0
sku11_st0,97,26,0
sku11_st0,98,21,0
sku11_st0,99,23,0
sku11_st0,100,26,0
sku11_st0,101,20,0
sku11_st0,102,24,0
sku11_st0,103,21,0
sku11_st1,0,20,0
sku11_st1,1,25,0
sku11_st1,2,23,0
sku11_st1,3,15,0
sku11_st1,4,16,0
sku11_st1,5,18,0
sku11_st1,6,21,0
sku11_st1,7,16,0
sku11_st1,8,16,0
sku11_st1,9,16,0
sku11_st1,10,19,0
sku11_st1,11,13,0
sku11_st1,12,20,1
sku11_st1,13,26,1
sku11_st1,14,15,0
sku11_st1,15,15,0
sku11_st1,16,18,0
sku11_st1,17,18,0
sku11_st1,18,13,0
sku11_st1,19,20,0
sku11_st1,20,18,0
sku11_st1,21,21,0
sku11_st1,22,16,0
sku11_st1,23,21,0
sku11_st1,24,18,0
sku11_st1,25,16,0
sku11_st1,26,19,0
sku11_st1,27,21,0
sku11_st1,28,21,0
sku11_st1,29,32,0
sku11_st1,30,27,0
sku11_st1,31,30,0
sku11_st1,32,24,0
sku11_st1,33,20,0
sku11_st1,34,37,0
sku11_st1,35,20,0
sku11_st1,36,26,0
sku11_st1,37,33,0
sku11_st1,38,28,0
sku11_st1,39,31,0
sku11_st1,40,25,0
sku11_st1,41,32,0
sku11_st1,42,24,0
sku11_st1,43,18,0
sku11_st1,44,27,0
sku11_st1,45,32,0
sku11_st1,46,26,0
sku11_st1,47,29,0
sku11_st1,48,35,0
sku11_st1,49,29,0
sku11_st1,50,27,0
sku11_st1,51,29,0
sku11_st1,52,24,0
sku11_st1,53,21,0
sku11_st1,54,27,0
sku11_st1,55,25,0
sku11_st1,56,19,0
sku11_st1,57,20,0
sku11_st1,58,21,0
sku11_st1,59,28,1
sku11_st1,60,17,0
sku11_st1,61,21,0
sku11_st1,62,14,0
sku11_st1,63,18,0
sku11_st1,64,16,0
sku11_st1,65,16,0
sku11_st1,66,20,0
sku11_st1,67,21,0
sku11_st1,68,15,0
sku11_st1,69,11,0
sku11_st1,70,18,0
sku11_st1,71,14,0
sku11_st1,72,23,0
sku11_st1,73,21,0
sku11_st1,74,17,0
sku11_st1,75,20,0
sku11_st1,76,19,0
sku11_st1,77,21,0
sku11_st1,78,19,0
sku11_st1,79,32,0
sku11_st1,80,23,0
sku11_st1,81,28,0
sku11_st1,82,31,0
sku11_st1,83,35,0
sku11_st1,84,31,0
sku11_st1,85,31,0
sku11_st1,86,33,0
sku11_st1,87,81,1
sku11_st1,88,33,0
sku11_st1,89,36,0
sku11_st1,90,39,0
sku11_st1,91,41,0
sku11_st1,92,34,0
sku11_st1,93,33,0
sku11_st1,94,35,0
sku11_st1,95,35,0
sku11_st1,96,30,0
sku11_st1,97,30,0
sku11_st1,98,56,1
sku11_st1,99,27,0
sku11_st1,100,25,0
sku11_st1,101,32,0
sku11_st1,102,24,0
sku11_st1,103,31,0
sku12_st0,0,18,0
sku12_st0,1,28,0
sku12_st0,2,24,0
sku12_st0,3,49,1
sku12_st0,4,26,0
sku12_st0,5,27,0
sku12_st0,6,29,0
sku12_st0,7,38,0
sku12_st0,8,35,0
sku12_st0,9,29,0
sku12_st0,10,34,0
sku12_st0,11,32,0
sku12_st0,12,31,0
sku12_st0,13,37,0
sku12_st0,14,36,0
sku12_st0,15,30,0
sku12_st0,16,35,0
sku12_st0,17,32,0
sku12_st0,18,36,0
sku12_st0,19,31,0
sku12_st0,20,33,0
sku12_st0,21,31,0
sku12_st0,22,24,0
sku12_st0,23,40,0
sku12_st0,24,32,0
sku12_st0,25,39,0
sku12_st0,26,31,0
sku12_st0,27,34,0
sku12_st0,28,27,0
sku12_st0,29,27,0
sku12_st0,30,30,0
sku12_st0,31,38,0
sku12_st0,32,27,0
sku12_st0,33,22,0
sku12_st0,34,37,0
sku12_st0,35,37,0
sku12_st0,36,32,0
sku12_st0,37,47,0
sku12_st0,38,49,0
sku12_st0,39,29,0
sku12_st0,40,37,0
sku12_st0,41,133,1
sku12_st0,42,47,0
sku12_st0,43,48,0
sku12_st0,44,43,0
sku12_st0,45,57,0
sku12_st0,46,61,0
sku12_st0,47,67,0
sku12_st0,48,51,0
sku12_st0,49,110,1
sku12_st0,50,58,0
sku12_st0,51,53,0
sku12_st0,52,57,0
sku12_st0,53,71,0
sku12_st0,54,82,0
sku12_st0,55,73,0
sku12_st0,56,88,0
sku12_st0,57,74,0
sku12_st0,58,96,0
sku12_st0,59,98,0
sku12_st0,60,104,0
sku12_st0,61,100,0
sku12_st0,62,88,0
sku12_st0,63,92,0
sku12_st0,64,98,0
sku12_st0,65,79,0
sku12_st0,66,77,0
sku12_st0,67,73,0
sku12_st0,68,74,0
sku12_st0,69,91,0
sku12_st0,70,89,0
sku12_st0,71,90,0
sku12_st0,72,112,0
sku12_st0,73,77,0
sku12_st0,74,71,0
sku12_st0,75,88,0
sku12_st0,76,76,0
sku12_st0,77,71,0
sku12_st0,78,50,0
sku12_st0,79,68,0
sku12_st0,80,67,0
sku12_st0,81,52,0
sku12_st0,82,47,0
sku12_st0,83,67,0
sku12_st0,84,69,0
sku12_st0,85,55,0
sku12_st0,86,98,1
sku12_st0,87,59,0
sku12_st0,88,84,0
sku12_st0,89,71,0
sku12_st0,90,79,0
sku12_st0,91,76,0
sku12_st0,92,67,0
sku12_st0,93,100,0
sku12_st0,94,214,1
sku12_st0,95,88,0
sku12_st0,96,81,0
sku12_st0,97,245,1
sku12_st0,98,87,0
sku12_st0,99,122,0
sku12_st0,100,137,0
sku12_st0,101,107,0
sku12_st0,102,129,0
sku12_st0,103,102,0
sku12_st1,0,27,0
sku12_st1,1,34,0
sku12_st1,2,38,0
sku12_st1,3,35,0
sku12_st1,4,27,0
sku12_st1,5,32,0
sku12_st1,6,103,1
sku12_st1,7,43,0
sku12_st1,8,43,0
sku12_st1,9,44,0
sku12_st1,10,50,0
sku12_st1,11,49,0
sku12_st1,12,46,0
sku12_st1,13,46,0
sku12_st1,14,46,0
sku12_st1,15,45,0
sku12_st1,16,37,0
sku12_st1,17,48,0
sku12_st1,18,41,0
sku12_st1,19,51,0
sku12_st1,20,42,0
sku12_st1,21,57,1
sku12_st1,22,40,0
sku12_st1,23,39,0
sku12_st1,24,53,0
sku12_st1,25,42,0
sku12_st1,26,37,0
sku12_st1,27,40,0
sku12_st1,28,44,0
sku12_st1,29,62,1
sku12_st1,30,45,0
sku12_st1,31,38,0
sku12_st1,32,46,0
sku12_st1,33,37,0
sku12_st1,34,44,0
sku12_st1,35,50,0
sku12_st1,36,43,0
sku12_st1,37,44,0
sku12_st1,38,38,0
sku12_st1,39,46,0
sku12_st1,40,56,0
sku12_st1,41,60,0
sku12_st1,42,64,0
sku12_st1,43,46,0
sku12_st1,44,63,0
sku12_st1,45,56,0
sku12_st1,46,76,0
sku12_st1,47,58,0
sku12_st1,48,213,1
sku12_st1,49,100,0
sku12_st1,50,100,0
sku12_st1,51,69,0
sku12_st1,52,108,0
sku12_st1,53,80,0
sku12_st1,54,83,0
sku12_st1,55,103,0
sku12_st1,56,96,0
sku12_st1,57,110,0
sku12_st1,58,148,0
sku12_st1,59,117,0
sku12_st1,60,130,0
sku12_st1,61,102,0
sku12_st1,62,112,0
sku12_st1,63,122,0
sku12_st1,64,90,0
sku12_st1,65,111,0
sku12_st1,66,99,0
sku12_st1,67,109,0
sku12_st1,68,110,0
sku12_st1,69,92,0
sku12_st1,70,87,0
sku12_st1,71,109,0
sku12_st1,72,117,0
sku12_st1,73,109,0
sku12_st1,74,91,0
sku12_st1,75,89,0
sku12_st1,76,95,0
sku12_st1,77,105,0
sku12_st1,78,95,0
sku12_st1,79,76,0
sku12_st1,80,76,0
sku12_st1,81,67,0
sku12_st1,82,86,0
sku12_st1,83,191,1
sku12_st1,84,79,0
sku12_st1,85,89,0
sku12_st1,86,104,0
sku12_st1,87,70,0
sku12_st1,88,81,0
sku12_st1,89,85,0
sku12_st1,90,101,0
sku12_st1,91,86,0
sku12_st1,92,109,0
sku12_st1,93,95,0
sku12_st1,94,90,0
sku12_st1,95,114,0
sku12_st1,96,109,0
sku12_st1,97,127,0
sku12_st1,98,137,0
sku12_st1,99,104,0
sku12_st1,100,132,0
sku12_st1,101,148,0
sku12_st1,102,170,0
sku12_st1,103,173,0
sku13_st0,0,18,0
sku13_st0,1,25,0
sku13_st0,2,26,0
sku13_st0,3,30,0
sku13_st0,4,30,0
sku13_st0,5,25,0
sku13_st0,6,21,0
sku13_st0,7,28,0
sku13_st0,8,37,0
sku13_st0,9,30,0
sku13_st0,10,48,0
sku13_st0,11,46,0
sku13_st0,12,35,0
sku13_st0,13,41,0
sku13_st0,14,39,0
sku13_st0,15,46,0
sku13_st0,16,49,0
sku13_st0,17,37,0
sku13_st0,18,50,0
sku13_st0,19,51,0
sku13_st0,20,42,0
sku13_st0,21,57,0
sku13_st0,22,47,0
sku13_st0,23,54,0
sku13_st0,24,36,0
sku13_st0,25,55,0
sku13_st0,26,49,0
sku13_st0,27,40,0
sku13_st0,28,47,0
sku13_st0,29,53,0
sku13_st0,30,39,0
sku13_st0,31,38,0
sku13_st0,32,39,0
sku13_st0,33,40,0
sku13_st0,34,44,0
sku13_st0,35,40,0
sku13_st0,36,35,0
sku13_st0,37,37,0
sku13_st0,38,44,0
sku13_st0,39,37,0
sku13_st0,40,33,0
sku13_st0,41,32,0
sku13_st0,42,35,0
sku13_st0,43,38,0
sku13_st0,44,30,0
sku13_st0,45,38,0
sku13_st0,46,65,1
sku13_st0,47,39,0
sku13_st0,48,38,0
sku13_st0,49,29,0
sku13_st0,50,48,0
sku13_st0,51,14,0
sku13_st0,52,56,0
sku13_st0,53,56,0
sku13_st0,54,55,0
sku13_st0,55,33,0
sku13_st0,56,62,0
sku13_st0,57,114,1
sku13_st0,58,64,0
sku13_st0,59,70,0
sku13_st0,60,48,0
sku13_st0,61,49,0
sku13_st0,62,71,0
sku13_st0,63,77,0
sku13_st0,64,65,0
sku13_st0,65,52,0
sku13_st0,66,75,0
sku13_st0,67,80,0
sku13_st0,68,74,0
sku13_st0,69,90,0
sku13_st0,70,82,0
sku13_st0,71,71,0
sku13_st0,72,73,0
sku13_st0,73,79,0
sku13_st0,74,75,0
sku13_st0,75,59,0
sku13_st0,76,80,0
sku13_st0,77,70,0
sku13_st0,78,70,0
sku13_st0,79,62,0
sku13_st0,80,88,0
sku13_st0,81,76,0
sku13_st0,82,86,0
sku13_st0,83,63,0
sku13_st0,84,70,0
sku13_st0,85,64,0
sku13_st0,86,54,0
sku13_st0,87,56,0
sku13_st0,88,61,0
sku13_st0,89,47,0
sku13_st0,90,62,0
sku13_st0,91,54,0
sku13_st0,92,58,0
sku13_st0,93,54,0
sku13_st0,94,39,0
sku13_st0,95,83,1
sku13_st0,96,55,0
sku13_st0,97,58,0
sku13_st0,98,78,0
sku13_st0,99,86,1
sku13_st0,100,65,0
sku13_st0,101,39,0
sku13_st0,102,72,0
sku13_st0,103,59,0
sku13_st1,0,32,0
sku13_st1,1,23,0
sku13_st1,2,38,0
sku13_st1,3,39,0
sku13_st1,4,41,0
sku13_st1,5,29,0
sku13_st1,6,37,0
sku13_st1,7,46,0
sku13_st1,8,53,0
sku13_st1,9,42,0
sku13_st1,10,43,0
sku13_st1,11,57,1
sku13_st1,12,58,0
sku13_st1,13,71,0
sku13_st1,14,86,1
sku13_st1,15,57,0
sku13_st1,16,70,0
sku13_st1,17,60,0
sku13_st1,18,84,0
sku13_st1,19,63,0
sku13_st1,20,74,0
sku13_st1,21,60,0
sku13_st1,22,51,0
sku13_st1,23,61,0
sku13_st1,24,66,0
sku13_st1,25,54,0
sku13_st1,26,70,0
sku13_st1,27,55,0
sku13_st1,28,49,0
sku13_st1,29,76,0
sku13_st1,30,49,0
sku13_st1,31,50,0
sku13_st1,32,58,0
sku13_st1,33,49,0
sku13_st1,34,43,0
sku13_st1,35,44,0
sku13_st1,36,61,0
sku13_st1,37,50,0
sku13_st1,38,51,0
sku13_st1,39,82,1
sku13_st1,40,46,0
sku13_st1,41,35,0
sku13_st1,42,52,1
sku13_st1,43,50,0
sku13_st1,44,41,0
sku13_st1,45,37,0
sku13_st1,46,47,0
sku13_st1,47,67,1
sku13_st1,48,43,0
sku13_st1,49,39,0
sku13_st1,50,50,0
sku13_st1,51,58,0
sku13_st1,52,63,0
sku13_st1,53,73,0
sku13_st1,54,135,1
sku13_st1,55,72,0
sku13_st1,56,60,0
sku13_st1,57,80,0
sku13_st1,58,88,0
sku13_st1,59,92,0
sku13_st1,60,69,0
sku13_st1,61,78,0
sku13_st1,62,79,0
sku13_st1,63,86,0
sku13_st1,64,99,0
sku13_st1,65,97,0
sku13_st1,66,100,0
sku13_st1,67,80,0
sku13_st1,68,93,0
sku13_st1,69,121,0
sku13_st1,70,120,0
sku13_st1,71,102,0
sku13_st1,72,115,0
sku13_st1,73,108,0
sku13_st1,74,116,0
sku13_st1,75,114,0
sku13_st1,76,130,0
sku13_st1,77,99,0
sku13_st1,78,105,0
sku13_st1,79,101,0
sku13_st1,80,93,0
sku13_st1,81,88,0
sku13_st1,82,110,0
sku13_st1,83,86,0
sku13_st1,84,92,0
sku13_st1,85,100,0
sku13_st1,86,117,1
sku13_st1,87,79,0
sku13_st1,88,75,0
sku13_st1,89,68,0
sku13_st1,90,87,0
sku13_st1,91,56,0
sku13_st1,92,57,0
sku13_st1,93,75,0
sku13_st1,94,68,0
sku13_st1,95,59,0
sku13_st1,96,66,0
sku13_st1,97,55,0
sku13_st1,98,76,0
sku13_st1,99,105,1
sku13_st1,100,79,0
sku13_st1,101,88,0
sku13_st1,102,87,0
sku13_st1,103,93,0
sku14_st0,0,74,0
sku14_st0,1,77,0
sku14_st0,2,68,0
sku14_st0,3,60,0
sku14_st0,4,72,0
sku14_st0,5,94,0
sku14_st0,6,98,0
sku14_st0,7,68,0
sku14_st0,8,79,0
sku14_st0,9,84,0
sku14_st0,10,79,0
sku14_st0,11,100,0
sku14_st0,12,124,1
sku14_st0,13,71,0
sku14_st0,14,115,0
sku14_st0,15,97,0
sku14_st0,16,65,0
sku14_st0,17,106,0
sku14_st0,18,117,0
sku14_st0,19,82,0
sku14_st0,20,130,0
sku14_st0,21,113,0
sku14_st0,22,142,0
sku14_st0,23,148,0
sku14_st0,24,155,0
sku14_st0,25,176,0
sku14_st0,26,89,0
sku14_st0,27,142,0
sku14_st0,28,167,0
sku14_st0,29,133,0
sku14_st0,30,201,0
sku14_st0,31,382,1
sku14_st0,32,145,0
sku14_st0,33,185,0
sku14_st0,34,142,0
sku14_st0,35,155,0
sku14_st0,36,154,0
sku14_st0,37,195,0
sku14_st0,38,216,0
sku14_st0,39,200,0
sku14_st0,40,229,0
sku14_st0,41,177,0
sku14_st0,42,174,0
sku14_st0,43,157,0
sku14_st0,44,231,0
sku14_st0,45,136,0
sku14_st0,46,186,0
sku14_st0,47,183,0
sku14_st0,48,177,0
sku14_st0,49,136,0
sku14_st0,50,122,0
sku14_st0,51,142,0
sku14_st0,52,153,0
sku14_st0,53,125,0
sku14_st0,54,129,0
sku14_st0,55,121,0
sku14_st0,56,132,0
sku14_st0,57,129,0
sku14_st0,58,158,0
sku14_st0,59,140,0
sku14_st0,60,106,0
sku14_st0,61,109,0
sku14_st0,62,149,0
sku14_st0,63,138,0
sku14_st0,64,184,0
sku14_st0,65,190,0
sku14_st0,66,133,0
sku14_st0,67,166,0
sku14_st0,68,138,0
sku14_st0,69,192,0
sku14_st0,70,229,0
sku14_st0,71,194,0
sku14_st0,72,187,0
sku14_st0,73,220,0
sku14_st0,74,246,0
sku14_st0,75,256,0
sku14_st0,76,220,0
sku14_st0,77,219,0
sku14_st0,78,259,0
sku14_st0,79,244,0
sku14_st0,80,312,0
sku14_st0,81,256,0
sku14_st0,82,278,0
sku14_st0,83,295,0
sku14_st0,84,225,0
sku14_st0,85,263,0
sku14_st0,86,643,1
sku14_st0,87,274,0
sku14_st0,88,711,1
sku14_st0,89,339,0
sku14_st0,90,276,0
sku14_st0,91,317,0
sku14_st0,92,306,0
sku14_st0,93,228,0
sku14_st0,94,260,0
sku14_st0,95,325,0
sku14_st0,96,328,0
sku14_st0,97,282,0
sku14_st0,98,221,0
sku14_st0,99,161,0
sku14_st0,100,204,0
sku14_st0,101,180,0
sku14_st0,102,267,0
sku14_st0,103,154,0
sku14_st1,0,89,0
sku14_st1,1,108,0
sku14_st1,2,103,0
sku14_st1,3,125,0
sku14_st1,4,109,0
sku14_st1,5,98,0
sku14_st1,6,119,0
sku14_st1,7,95,0
sku14_st1,8,127,0
sku14_st1,9,91,0
sku14_st1,10,64,0
sku14_st1,11,110,0
sku14_st1,12,80,0
sku14_st1,13,135,0
sku14_st1,14,127,0
sku14_st1,15,161,0
sku14_st1,16,131,0
sku14_st1,17,113,0
sku14_st1,18,160,0
sku14_st1,19,145,0
sku14_st1,20,184,0
sku14_st1,21,152,0
sku14_st1,22,219,0
sku14_st1,23,191,0
sku14_st1,24,193,0
sku14_st1,25,245,0
sku14_st1,26,242,0
sku14_st1,27,196,0
sku14_st1,28,257,0
sku14_st1,29,255,0
sku14_st1,30,234,0
sku14_st1,31,272,0
sku14_st1,32,297,0
sku14_st1,33,247,0
sku14_st1,34,249,0
sku14_st1,35,249,0
sku14_st1,36,226,0
sku14_st1,37,251,0
sku14_st1,38,245,0
sku14_st1,39,242,0
sku14_st1,40,238,0
sku14_st1,41,204,0
sku14_st1,42,278,0
sku14_st1,43,558,1
sku14_st1,44,270,0
sku14_st1,45,206,0
sku14_st1,46,224,0
sku14_st1,47,233,0
sku14_st1,48,187,0
sku14_st1,49,226,0
sku14_st1,50,193,0
sku14_st1,51,159,0
sku14_st1,52,195,0
sku14_st1,53,160,0
sku14_st1,54,298,1
sku14_st1,55,168,0
sku14_st1,56,177,0
sku14_st1,57,179,0
sku14_st1,58,162,0
sku14_st1,59,184,0
sku14_st1,60,191,0
sku14_st1,61,184,0
sku14_st1,62,189,0
sku14_st1,63,185,0
sku14_st1,64,217,0
sku14_st1,65,191,0
sku14_st1,66,181,0
sku14_st1,67,208,0
sku14_st1,68,177,0
sku14_st1,69,182,0
sku14_st1,70,268,0
sku14_st1,71,302,0
sku14_st1,72,247,0
sku14_st1,73,307,0
sku14_st1,74,211,0
sku14_st1,75,213,0
sku14_st1,76,358,0
sku14_st1,77,338,0
sku14_st1,78,325,0
sku14_st1,79,418,0
sku14_st1,80,336,0
sku14_st1,81,299,0
sku14_st1,82,281,0
sku14_st1,83,366,0
sku14_st1,84,380,0
sku14_st1,85,362,0
sku14_st1,86,427,0
sku14_st1,87,452,0
sku14_st1,88,528,1
sku14_st1,89,268,0
sku14_st1,90,292,0
sku14_st1,91,365,0
sku14_st1,92,313,0
sku14_st1,93,310,0
sku14_st1,94,407,0
sku14_st1,95,326,0
sku14_st1,96,330,0
sku14_st1,97,282,0
sku14_st1,98,285,0
sku14_st1,99,294,0
sku14_st1,100,325,0
sku14_st1,101,567,1
sku14_st1,102,289,0
sku14_st1,103,494,1
sku15_st0,0,21,0
sku15_st0,1,22,0
sku15_st0,2,17,0
sku15_st0,3,18,0
sku15_st0,4,19,0
sku15_st0,5,17,0
sku15_st0,6,15,0
sku15_st0,7,15,0
sku15_st0,8,23,0
sku15_st0,9,13,0
sku15_st0,10,18,0
sku15_st0,11,13,0
sku15_st0,12,17,0
sku15_st0,13,16,0
sku15_st0,14,13,0
sku15_st0,15,17,0
sku15_st0,16,13,0
sku15_st0,17,11,0
sku15_st0,18,15,0
sku15_st0,19,12,0
sku15_st0,20,11,0
sku15_st0,21,13,0
sku15_st0,22,9,0
sku15_st0,23,8,0
sku15_st0,24,11,0
sku15_st0,25,11,0
sku15_st0,26,8,0
sku15_st0,27,5,0
sku15_st0,28,7,0
sku15_st0,29,7,0
sku15_st0,30,7,0
sku15_st0,31,5,0
sku15_st0,32,5,0
sku15_st0,33,5,0
sku15_st0,34,5,0
sku15_st0,35,4,0
sku15_st0,36,4,0
sku15_st0,37,7,1
sku15_st0,38,4,0
sku15_st0,39,3,0
sku15_st0,40,3,0
sku15_st0,41,2,0
sku15_st0,42,3,0
sku15_st0,43,5,1
sku15_st0,44,2,0
sku15_st0,45,3,0
sku15_st0,46,3,0
sku15_st0,47,3,0
sku15_st0,48,3,0
sku15_st0,49,4,0
sku15_st0,50,3,0
sku15_st0,51,3,0
sku15_st0,52,2,0
sku15_st0,53,3,0
sku15_st0,54,3,0
sku15_st0,55,8,1
sku15_st0,56,5,0
sku15_st0,57,4,0
sku15_st0,58,4,0
sku15_st0,59,4,0
sku15_st0,60,4,0
sku15_st0,61,4,0
sku15_st0,62,3,0
sku15_st0,63,5,0
sku15_st0,64,6,0
sku15_st0,65,5,0
sku15_st0,66,5,0
sku15_st0,67,5,0
sku15_st0,68,4,0
sku15_st0,69,5,0
sku15_st0,70,9,1
sku15_st0,71,3,0
sku15_st0,72,3,0
sku15_st0,73,4,0
sku15_st0,74,5,0
sku15_st0,75,4,0
sku15_st0,76,4,0
sku15_st0,77,4,0
sku15_st0,78,4,0
sku15_st0,79,3,0
sku15_st0,80,4,0
sku15_st0,81,2,0
sku15_st0,82,2,0
sku15_st0,83,3,0
sku15_st0,84,2,0
sku15_st0,85,3,0
sku15_st0,86,2,0
sku15_st0,87,2,0
sku15_st0,88,1,0
sku15_st0,89,2,0
sku15_st0,90,2,0
sku15_st0,91,2,0
sku15_st0,92,3,0
sku15_st0,93,2,0
sku15_st0,94,2,0
sku15_st0,95,3,0
sku15_st0,96,3,0
sku15_st0,97,3,0
sku15_st0,98,3,0
sku15_st0,99,2,0
sku15_st0,100,4,0
sku15_st0,101,3,0
sku15_st0,102,4,1
sku15_st0,103,3,0
sku15_st1,0,20,0
sku15_st1,1,38,1
sku15_st1,2,25,0
sku15_st1,3,20,0
sku15_st1,4,24,0
sku15_st1,5,26,0
sku15_st1,6,21,0
sku15_st1,7,22,0
sku15_st1,8,19,0
sku15_st1,9,26,0
sku15_st1,10,25,0
sku15_st1,11,24,0
sku15_st1,12,21,0
sku15_st1,13,23,0
sku15_st1,14,13,0
sku15_st1,15,20,0
sku15_st1,16,24,0
sku15_st1,17,19,0
sku15_st1,18,21,0
sku15_st1,19,16,0
sku15_st1,20,19,0
sku15_st1,21,13,0
sku15_st1,22,15,0
sku15_st1,23,12,0
sku15_st1,24,13,0
sku15_st1,25,11,0
sku15_st1,26,11,0
sku15_st1,27,9,0
sku15_st1,28,10,0
sku15_st1,29,9,0
sku15_st1,30,7,0
sku15_st1,31,6,0
sku15_st1,32,6,0
sku15_st1,33,5,0
sku15_st1,34,6,0
sku15_st1,35,4,0
sku15_st1,36,5,0
sku15_st1,37,4,0
sku15_st1,38,6,1
sku15_st1,39,5,0
sku15_st1,40,3,0
sku15_st1,41,3,0
sku15_st1,42,4,0
sku15_st1,43,3,0
sku15_st1,44,4,0
sku15_st1,45,3,0
sku15_st1,46,3,0
sku15_st1,47,5,0
sku15_st1,48,4,0
sku15_st1,49,4,0
sku15_st1,50,3,0
sku15_st1,51,4,0
sku15_st1,52,5,0
sku15_st1,53,5,0
sku15_st1,54,4,0
sku15_st1,55,4,0
sku15_st1,56,5,0
sku15_st1,57,5,0
sku15_st1,58,13,1
sku15_st1,59,7,0
sku15_st1,60,7,0
sku15_st1,61,6,0
sku15_st1,62,11,1
sku15_st1,63,7,0
sku15_st1,64,6,0
sku15_st1,65,5,0
sku15_st1,66,5,0
sku15_st1,67,4,0
sku15_st1,68,7,0
sku15_st1,69,5,0
sku15_st1,70,6,0
sku15_st1,71,6,0
sku15_st1,72,8,1
sku15_st1,73,5,0
sku15_st1,74,4,0
sku15_st1,75,5,0
sku15_st1,76,5,0
sku15_st1,77,4,0
sku15_st1,78,5,0
sku15_st1,79,5,0
sku15_st1,80,4,0
sku15_st1,81,4,0
sku15_st1,82,4,0
sku15_st1,83,3,0
sku15_st1,84,3,0
sku15_st1,85,4,0
sku15_st1,86,4,0
sku15_st1,87,3,0
sku15_st1,88,4,0
sku15_st1,89,3,0
sku15_st1,90,4,0
sku15_st1,91,3,0
sku15_st1,92,3,0
sku15_st1,93,2,0
sku15_st1,94,4,0
sku15_st1,95,3,0
sku15_st1,96,4,0
sku15_st1,97,3,0
sku15_st1,98,4,0
sku15_st1,99,4,0
sku15_st1,100,5,0
sku15_st1,101,3,0
sku15_st1,102,4,0
sku15_st1,103,4,0
sku16_st0,0,35,0
sku16_st0,1,32,0
sku16_st0,2,25,0
sku16_st0,3,30,0
sku16_st0,4,31,0
sku16_st0,5,34,0
sku16_st0,6,35,0
sku16_st0,7,32,0
sku16_st0,8,29,0
sku16_st0,9,27,0
sku16_st0,10,27,0
sku16_st0,11,39,1
sku16_st0,12,23,0
sku16_st0,13,21,0
sku16_st0,14,28,0
sku16_st0,15,27,0
sku16_st0,16,14,0
sku16_st0,17,18,0
sku16_st0,18,24,0
sku16_st0,19,19,0
sku16_st0,20,24,0
sku16_st0,21,22,0
sku16_st0,22,24,0
sku16_st0,23,22,0
sku16_st0,24,26,0
sku16_st0,25,40,1
sku16_st0,26,15,0
sku16_st0,27,35,0
sku16_st0,28,29,0
sku16_st0,29,32,0
sku16_st0,30,31,0
sku16_st0,31,76,1
sku16_st0,32,39,0
sku16_st0,33,31,0
sku16_st0,34,40,0
sku16_st0,35,44,0
sku16_st0,36,43,0
sku16_st0,37,51,0
sku16_st0,38,53,0
sku16_st0,39,45,0
sku16_st0,40,52,0
sku16_st0,41,44,0
sku16_st0,42,50,0
sku16_st0,43,48,0
sku16_st0,44,47,0
sku16_st0,45,51,0
sku16_st0,46,42,0
sku16_st0,47,57,0
sku16_st0,48,47,0
sku16_st0,49,56,0
sku16_st0,50,43,0
sku16_st0,51,45,0
sku16_st0,52,40,0
sku16_st0,53,39,0
sku16_st0,54,40,0
sku16_st0,55,39,0
sku16_st0,56,36,0
sku16_st0,57,42,0
sku16_st0,58,44,0
sku16_st0,59,43,0
sku16_st0,60,29,0
sku16_st0,61,35,0
sku16_st0,62,34,0
sku16_st0,63,42,0
sku16_st0,64,32,0
sku16_st0,65,32,0
sku16_st0,66,25,0
sku16_st0,67,28,0
sku16_st0,68,24,0
sku16_st0,69,31,0
sku16_st0,70,37,0
sku16_st0,71,27,0
sku16_st0,72,30,0
sku16_st0,73,28,0
sku16_st0,74,30,0
sku16_st0,75,34,0
sku16_st0,76,44,0
sku16_st0,77,43,0
sku16_st0,78,47,0
sku16_st0,79,44,0
sku16_st0,80,39,0
sku16_st0,81,40,0
sku16_st0,82,39,0
sku16_st0,83,30,0
sku16_st0,84,46,0
sku16_st0,85,60,0
sku16_st0,86,62,0
sku16_st0,87,72,0
sku16_st0,88,57,0
sku16_st0,89,47,0
sku16_st0,90,71,0
sku16_st0,91,64,0
sku16_st0,92,79,0
sku16_st0,93,77,0
sku16_st0,94,58,0
sku16_st0,95,53,0
sku16_st0,96,53,0
sku16_st0,97,58,0
sku16_st0,98,59,0
sku16_st0,99,61,0
sku16_st0,100,70,0
sku16_st0,101,60,0
sku16_st0,102,63,0
sku16_st0,103,48,0
sku16_st1,0,40,0
sku16_st1,1,39,0
sku16_st1,2,33,0
sku16_st1,3,40,0
sku16_st1,4,32,0
sku16_st1,5,37,0
sku16_st1,6,40,0
sku16_st1,7,46,0
sku16_st1,8,32,0
sku16_st1,9,36,0
sku16_st1,10,31,0
sku16_st1,11,26,0
sku16_st1,12,96,1
sku16_st1,13,30,0
sku16_st1,14,65,1
sku16_st1,15,29,0
sku16_st1,16,25,0
sku16_st1,17,26,0
sku16_st1,18,24,0
sku16_st1,19,35,0
sku16_st1,20,40,0
sku16_st1,21,32,0
sku16_st1,22,35,0
sku16_st1,23,64,1
sku16_st1,24,37,0
sku16_st1,25,40,0
sku16_st1,26,51,0
sku16_st1,27,47,0
sku16_st1,28,46,0
sku16_st1,29,46,0
sku16_st1,30,54,0
sku16_st1,31,52,0
sku16_st1,32,47,0
sku16_st1,33,51,0
sku16_st1,34,49,0
sku16_st1,35,63,0
sku16_st1,36,60,0
sku16_st1,37,116,1
sku16_st1,38,68,0
sku16_st1,39,68,0
sku16_st1,40,60,0
sku16_st1,41,56,0
sku16_st1,42,63,0
sku16_st1,43,48,0
sku16_st1,44,59,0
sku16_st1,45,91,1
sku16_st1,46,63,0
sku16_st1,47,77,0
sku16_st1,48,70,0
sku16_st1,49,62,0
sku16_st1,50,67,0
sku16_st1,51,68,0
sku16_st1,52,52,0
sku16_st1,53,71,0
sku16_st1,54,46,0
sku16_st1,55,59,0
sku16_st1,56,53,0
sku16_st1,57,59,0
sku16_st1,58,39,0
sku16_st1,59,50,0
sku16_st1,60,46,0
sku16_st1,61,42,0
sku16_st1,62,46,0
sku16_st1,63,43,0
sku16_st1,64,41,0
sku16_st1,65,37,0
sku16_st1,66,62,0
sku16_st1,67,32,0
sku16_st1,68,35,0
sku16_st1,69,70,1
sku16_st1,70,43,0
sku16_st1,71,43,0
sku16_st1,72,44,0
sku16_st1,73,42,0
sku16_st1,74,47,0
sku16_st1,75,45,0
sku16_st1,76,36,0
sku16_st1,77,48,0
sku16_st1,78,51,0
sku16_st1,79,56,0
sku16_st1,80,54,0
sku16_st1,81,69,0
sku16_st1,82,56,0
sku16_st1,83,121,1
sku16_st1,84,66,0
sku16_st1,85,70,0
sku16_st1,86,65,0
sku16_st1,87,64,0
sku16_st1,88,74,0
sku16_st1,89,67,0
sku16_st1,90,65,0
sku16_st1,91,71,0
sku16_st1,92,91,0
sku16_st1,93,72,0
sku16_st1,94,74,0
sku16_st1,95,70,0
sku16_st1,96,93,0
sku16_st1,97,90,0
sku16_st1,98,77,0
sku16_st1,99,99,0
sku16_st1,100,74,0
sku16_st1,101,78,0
sku16_st1,102,83,0
sku16_st1,103,106,1
sku17_st0,0,8,0
sku17_st0,1,8,0
sku17_st0,2,7,0
sku17_st0,3,22,1
sku17_st0,4,10,0
sku17_st0,5,10,0
sku17_st0,6,8,0
sku17_st0,7,11,0
sku17_st0,8,10,0
sku17_st0,9,10,0
sku17_st0,10,9,0
sku17_st0,11,7,0
sku17_st0,12,12,0
sku17_st0,13,12,0
sku17_st0,14,10,0
sku17_st0,15,11,0
sku17_st0,16,11,0
sku17_st0,17,28,1
sku17_st0,18,14,0
sku17_st0,19,12,0
sku17_st0,20,13,0
sku17_st0,21,12,0
sku17_st0,22,10,0
sku17_st0,23,10,0
sku17_st0,24,14,0
sku17_st0,25,12,0
sku17_st0,26,8,0
sku17_st0,27,9,0
sku17_st0,28,13,0
sku17_st0,29,8,0
sku17_st0,30,8,0
sku17_st0,31,10,0
sku17_st0,32,16,1
sku17_st0,33,10,0
sku17_st0,34,9,0
sku17_st0,35,7,0
sku17_st0,36,8,0
sku17_st0,37,7,0
sku17_st0,38,6,0
sku17_st0,39,7,0
sku17_st0,40,6,0
sku17_st0,41,6,0
sku17_st0,42,11,1
sku17_st0,43,5,0
sku17_st0,44,5,0
sku17_st0,45,6,0
sku17_st0,46,6,0
sku17_st0,47,5,0
sku17_st0,48,5,0
sku17_st0,49,4,0
sku17_st0,50,8,0
sku17_st0,51,8,0
sku17_st0,52,8,0
sku17_st0,53,6,0
sku17_st0,54,7,0
sku17_st0,55,7,0
sku17_st0,56,8,0
sku17_st0,57,10,0
sku17_st0,58,8,0
sku17_st0,59,7,0
sku17_st0,60,9,0
sku17_st0,61,10,0
sku17_st0,62,11,0
sku17_st0,63,11,0
sku17_st0,64,12,0
sku17_st0,65,7,0
sku17_st0,66,11,0
sku17_st0,67,11,0
sku17_st0,68,8,0
sku17_st0,69,10,0
sku17_st0,70,10,0
sku17_st0,71,10,0
sku17_st0,72,10,0
sku17_st0,73,12,0
sku17_st0,74,11,0
sku17_st0,75,8,0
sku17_st0,76,10,0
sku17_st0,77,8,0
sku17_st0,78,7,0
sku17_st0,79,9,0
sku17_st0,80,18,1
sku17_st0,81,8,0
sku17_st0,82,9,0
sku17_st0,83,8,0
sku17_st0,84,8,0
sku17_st0,85,9,1
sku17_st0,86,4,0
sku17_st0,87,8,0
sku17_st0,88,7,0
sku17_st0,89,8,0
sku17_st0,90,5,0
sku17_st0,91,6,0
sku17_st0,92,5,0
sku17_st0,93,6,0
sku17_st0,94,5,0
sku17_st0,95,6,0
sku17_st0,96,4,0
sku17_st0,97,5,0
sku17_st0,98,4,0
sku17_st0,99,5,0
sku17_st0,100,6,0
sku17_st0,101,4,0
sku17_st0,102,6,0
sku17_st0,103,7,0
sku17_st1,0,12,0
sku17_st1,1,11,0
sku17_st1,2,7,0
sku17_st1,3,11,0
sku17_st1,4,13,0
sku17_st1,5,11,0
sku17_st1,6,28,1
sku17_st1,7,13,0
sku17_st1,8,15,0
sku17_st1,9,22,1
sku17_st1,10,10,0
sku17_st1,11,41,1
sku17_st1,12,13,0
sku17_st1,13,15,0
sku17_st1,14,17,0
sku17_st1,15,15,0
sku17_st1,16,14,0
sku17_st1,17,15,0
sku17_st1,18,15,0
sku17_st1,19,14,0
sku17_st1,20,18,0
sku17_st1,21,13,0
sku17_st1,22,9,0
sku17_st1,23,16,0
sku17_st1,24,14,0
sku17_st1,25,13,0
sku17_st1,26,14,0
sku17_st1,27,13,0
sku17_st1,28,10,0
sku17_st1,29,10,0
sku17_st1,30,10,0
sku17_st1,31,11,0
sku17_st1,32,19,1
sku17_st1,33,7,0
sku17_st1,34,10,0
sku17_st1,35,9,0
sku17_st1,36,8,0
sku17_st1,37,8,0
sku17_st1,38,7,0
sku17_st1,39,9,0
sku17_st1,40,8,0
sku17_st1,41,8,0
sku17_st1,42,6,0
sku17_st1,43,8,0
sku17_st1,44,8,0
sku17_st1,45,9,0
sku17_st1,46,8,0
sku17_st1,47,10,0
sku17_st1,48,7,0
sku17_st1,49,10,0
sku17_st1,50,9,0
sku17_st1,51,9,0
sku17_st1,52,9,0
sku17_st1,53,9,0
sku17_st1,54,9,0
sku17_st1,55,12,0
sku17_st1,56,10,0
sku17_st1,57,11,0
sku17_st1,58,12,0
sku17_st1,59,13,0
sku17_st1,60,12,0
sku17_st1,61,15,0
sku17_st1,62,13,0
sku17_st1,63,12,0
sku17_st1,64,12,0
sku17_st1,65,10,0
sku17_st1,66,14,0
sku17_st1,67,15,0
sku17_st1,68,15,0
sku17_st1,69,15,0
sku17_st1,70,13,0
sku17_st1,71,14,0
sku17_st1,72,14,0
sku17_st1,73,15,0
sku17_st1,74,10,0
sku17_st1,75,12,0
sku17_st1,76,11,0
sku17_st1,77,16,0
sku17_st1,78,14,0
sku17_st1,79,11,0
sku17_st1,80,9,0
sku17_st1,81,9,0
sku17_st1,82,12,0
sku17_st1,83,8,0
sku17_st1,84,10,0
sku17_st1,85,11,0
sku17_st1,86,8,0
sku17_st1,87,9,0
sku17_st1,88,8,0
sku17_st1,89,8,0
sku17_st1,90,7,0
sku17_st1,91,9,0
sku17_st1,92,9,0
sku17_st1,93,7,0
sku17_st1,94,7,0
sku17_st1,95,7,0
sku17_st1,96,5,0
sku17_st1,97,7,0
sku17_st1,98,5,0
sku17_st1,99,7,0
sku17_st1,100,7,0
sku17_st1,101,8,0
sku17_st1,102,8,0
sku17_st1,103,9,0
sku18_st0,0,5,0
sku18_st0,1,7,0
sku18_st0,2,4,0
sku18_st0,3,7,0
sku18_st0,4,8,0
sku18_st0,5,6,0
sku18_st0,6,8,0
sku18_st0,7,7,0
sku18_st0,8,7,0
sku18_st0,9,8,0
sku18_st0,10,9,0
sku18_st0,11,11,0
sku18_st0,12,10,0
sku18_st0,13,12,0
sku18_st0,14,14,1
sku18_st0,15,18,1
sku18_st0,16,11,0
sku18_st0,17,15,1
sku18_st0,18,10,0
sku18_st0,19,14,0
sku18_st0,20,12,0
sku18_st0,21,13,0
sku18_st0,22,16,0
sku18_st0,23,17,0
sku18_st0,24,18,0
sku18_st0,25,18,0
sku18_st0,26,16,0
sku18_st0,27,16,0
sku18_st0,28,16,0
sku18_st0,29,14,0
sku18_st0,30,15,0
sku18_st0,31,20,0
sku18_st0,32,15,0
sku18_st0,33,14,0
sku18_st0,34,20,0
sku18_st0,35,13,0
sku18_st0,36,17,0
sku18_st0,37,11,0
sku18_st0,38,20,0
sku18_st0,39,19,0
sku18_st0,40,13,0
sku18_st0,41,15,0
sku18_st0,42,12,0
sku18_st0,43,12,0
sku18_st0,44,13,0
sku18_st0,45,26,1
sku18_st0,46,9,0
sku18_st0,47,8,0
sku18_st0,48,14,0
sku18_st0,49,9,0
sku18_st0,50,10,0
sku18_st0,51,13,0
sku18_st0,52,8,0
sku18_st0,53,11,0
sku18_st0,54,12,0
sku18_st0,55,10,0
sku18_st0,56,11,0
sku18_st0,57,10,0
sku18_st0,58,14,0
sku18_st0,59,13,0
sku18_st0,60,12,0
sku18_st0,61,15,0
sku18_st0,62,12,0
sku18_st0,63,13,0
sku18_st0,64,19,0
sku18_st0,65,33,1
sku18_st0,66,15,0
sku18_st0,67,15,0
sku18_st0,68,22,0
sku18_st0,69,19,0
sku18_st0,70,17,0
sku18_st0,71,14,0
sku18_st0,72,18,0
sku18_st0,73,16,0
sku18_st0,74,18,0
sku18_st0,75,18,0
sku18_st0,76,25,0
sku18_st0,77,18,0
sku18_st0,78,25,0
sku18_st0,79,24,0
sku18_st0,80,24,0
sku18_st0,81,20,0
sku18_st0,82,26,0
sku18_st0,83,14,0
sku18_st0,84,20,0
sku18_st0,85,28,0
sku18_st0,86,41,1
sku18_st0,87,19,0
sku18_st0,88,25,0
sku18_st0,89,26,0
sku18_st0,90,28,0
sku18_st0,91,22,0
sku18_st0,92,24,0
sku18_st0,93,16,0
sku18_st0,94,20,0
sku18_st0,95,19,0
sku18_st0,96,18,0
sku18_st0,97,20,0
sku18_st0,98,18,0
sku18_st0,99,13,0
sku18_st0,100,17,0
sku18_st0,101,20,0
sku18_st0,102,14,0
sku18_st0,103,15,0
sku18_st1,0,9,0
sku18_st1,1,8,0
sku18_st1,2,8,0
sku18_st1,3,8,0
sku18_st1,4,10,0
sku18_st1,5,11,0
sku18_st1,6,12,0
sku18_st1,7,10,0
sku18_st1,8,11,0
sku18_st1,9,10,0
sku18_st1,10,10,0
sku18_st1,11,11,0
sku18_st1,12,13,0
sku18_st1,13,11,0
sku18_st1,14,13,0
sku18_st1,15,12,0
sku18_st1,16,15,0
sku18_st1,17,15,0
sku18_st1,18,21,0
sku18_st1,19,14,0
sku18_st1,20,17,0
sku18_st1,21,17,0
sku18_st1,22,22,0
sku18_st1,23,18,0
sku18_st1,24,22,0
sku18_st1,25,17,0
sku18_st1,26,23,0
sku18_st1,27,28,1
sku18_st1,28,20,0
sku18_st1,29,22,0
sku18_st1,30,30,0
sku18_st1,31,26,0
sku18_st1,32,17,0
sku18_st1,33,17,0
sku18_st1,34,19,0
sku18_st1,35,27,0
sku18_st1,36,16,0
sku18_st1,37,19,0
sku18_st1,38,18,0
sku18_st1,39,21,0
sku18_st1,40,22,0
sku18_st1,41,21,0
sku18_st1,42,19,0
sku18_st1,43,14,0
sku18_st1,44,18,0
sku18_st1,45,20,0
sku18_st1,46,21,0
sku18_st1,47,17,0
sku18_st1,48,12,0
sku18_st1,49,16,0
sku18_st1,50,14,0
sku18_st1,51,11,0
sku18_st1,52,12,0
sku18_st1,53,12,0
sku18_st1,54,15,0
sku18_st1,55,17,0
sku18_st1,56,15,0
sku18_st1,57,16,0
sku18_st1,58,14,0
sku18_st1,59,14,0
sku18_st1,60,17,0
sku18_st1,61,17,0
sku18_st1,62,15,0
sku18_st1,63,18,0
sku18_st1,64,18,0
sku18_st1,65,18,0
sku18_st1,66,18,0
sku18_st1,67,22,0
sku18_st1,68,20,0
sku18_st1,69,29,0
sku18_st1,70,25,0
sku18_st1,71,25,0
sku18_st1,72,24,0
sku18_st1,73,24,0
sku18_st1,74,67,1
sku18_st1,75,27,0
sku18_st1,76,30,0
sku18_st1,77,29,0
sku18_st1,78,26,0
sku18_st1,79,32,0
sku18_st1,80,37,0
sku18_st1,81,37,0
sku18_st1,82,34,0
sku18_st1,83,26,0
sku18_st1,84,35,0
sku18_st1,85,31,0
sku18_st1,86,32,0
sku18_st1,87,32,0
sku18_st1,88,33,0
sku18_st1,89,28,0
sku18_st1,90,29,0
sku18_st1,91,25,0
sku18_st1,92,30,0
sku18_st1,93,24,0
sku18_st1,94,14,0
sku18_st1,95,28,0
sku18_st1,96,25,0
sku18_st1,97,24,0
sku18_st1,98,21,0
sku18_st1,99,19,0
sku18_st1,100,26,0
sku18_st1,101,19,0
sku18_st1,102,20,0
sku18_st1,103,23,0
sku19_st0,0,16,0
sku19_st0,1,24,0
sku19_st0,2,22,0
sku19_st0,3,21,0
sku19_st0,4,18,0
sku19_st0,5,26,0
sku19_st0,6,30,0
sku19_st0,7,19,0
sku19_st0,8,19,0
sku19_st0,9,23,0
sku19_st0,10,26,0
sku19_st0,11,23,0
sku19_st0,12,40,0
sku19_st0,13,25,0
sku19_st0,14,23,0
sku19_st0,15,24,0
sku19_st0,16,56,1
sku19_st0,17,21,0
sku19_st0,18,26,0
sku19_st0,19,28,0
sku19_st0,20,16,0
sku19_st0,21,25,0
sku19_st0,22,23,0
sku19_st0,23,27,0
sku19_st0,24,26,0
sku19_st0,25,18,0
sku19_st0,26,23,0
sku19_st0,27,20,0
sku19_st0,28,25,0
sku19_st0,29,24,0
sku19_st0,30,22,0
sku19_st0,31,16,0
sku19_st0,32,14,0
sku19_st0,33,18,0
sku19_st0,34,13,0
sku19_st0,35,16,0
sku19_st0,36,15,0
sku19_st0,37,14,0
sku19_st0,38,10,0
sku19_st0,39,11,0
sku19_st0,40,11,0
sku19_st0,41,11,0
sku19_st0,42,8,0
sku19_st0,43,10,0
sku19_st0,44,8,0
sku19_st0,45,8,0
sku19_st0,46,7,0
sku19_st0,47,6,0
sku19_st0,48,10,0
sku19_st0,49,7,0
sku19_st0,50,5,0
sku19_st0,51,6,0
sku19_st0,52,6,0
sku19_st0,53,7,0
sku19_st0,54,6,0
sku19_st0,55,6,0
sku19_st0,56,7,0
sku19_st0,57,7,0
sku19_st0,58,6,0
sku19_st0,59,8,0
sku19_st0,60,7,0
sku19_st0,61,7,0
sku19_st0,62,6,0
sku19_st0,63,7,0
sku19_st0,64,6,0
sku19_st0,65,5,0
sku19_st0,66,7,0
sku19_st0,67,7,0
sku19_st0,68,8,0
sku19_st0,69,5,0
sku19_st0,70,6,0
sku19_st0,71,7,0
sku19_st0,72,7,0
sku19_st0,73,6,0
sku19_st0,74,6,0
sku19_st0,75,8,0
sku19_st0,76,6,0
sku19_st0,77,6,0
sku19_st0,78,8,0
sku19_st0,79,7,0
sku19_st0,80,6,0
sku19_st0,81,9,1
sku19_st0,82,6,0
sku19_st0,83,6,0
sku19_st0,84,6,0
sku19_st0,85,6,0
sku19_st0,86,5,0
sku19_st0,87,6,0
sku19_st0,88,10,1
sku19_st0,89,4,0
sku19_st0,90,6,0
sku19_st0,91,4,0
sku19_st0,92,4,0
sku19_st0,93,4,0
sku19_st0,94,4,0
sku19_st0,95,4,0
sku19_st0,96,3,0
sku19_st0,97,4,0
sku19_st0,98,4,0
sku19_st0,99,4,0
sku19_st0,100,4,0
sku19_st0,101,4,0
sku19_st0,102,5,0
sku19_st0,103,4,0
sku19_st1,0,21,0
sku19_st1,1,45,1
sku19_st1,2,25,0
sku19_st1,3,26,0
sku19_st1,4,30,0
sku19_st1,5,31,0
sku19_st1,6,30,0
sku19_st1,7,36,0
sku19_st1,8,31,0
sku19_st1,9,26,0
sku19_st1,10,44,1
sku19_st1,11,37,0
sku19_st1,12,35,0
sku19_st1,13,26,0
sku19_st1,14,26,0
sku19_st1,15,31,0
sku19_st1,16,27,0
sku19_st1,17,38,0
sku19_st1,18,30,0
sku19_st1,19,36,0
sku19_st1,20,43,0
sku19_st1,21,36,0
sku19_st1,22,23,0
sku19_st1,23,29,0
sku19_st1,24,30,0
sku19_st1,25,31,0
sku19_st1,26,33,0
sku19_st1,27,38,0
sku19_st1,28,34,0
sku19_st1,29,26,0
sku19_st1,30,24,0
sku19_st1,31,29,0
sku19_st1,32,22,0
sku19_st1,33,19,0
sku19_st1,34,23,0
sku19_st1,35,20,0
sku19_st1,36,14,0
sku19_st1,37,16,0
sku19_st1,38,13,0
sku19_st1,39,10,0
sku19_st1,40,18,0
sku19_st1,41,13,0
sku19_st1,42,12,0
sku19_st1,43,11,0
sku19_st1,44,11,0
sku19_st1,45,10,0
sku19_st1,46,9,0
sku19_st1,47,9,0
sku19_st1,48,11,0
sku19_st1,49,10,0
sku19_st1,50,8,0
sku19_st1,51,14,1
sku19_st1,52,10,0
sku19_st1,53,8,0
sku19_st1,54,9,0
sku19_st1,55,9,0
sku19_st1,56,8,0
sku19_st1,57,8,0
sku19_st1,58,9,0
sku19_st1,59,7,0
sku19_st1,60,7,0
sku19_st1,61,7,0
sku19_st1,62,7,0
sku19_st1,63,8,0
sku19_st1,64,8,0
sku19_st1,65,9,0
sku19_st1,66,9,0
sku19_st1,67,7,0
sku19_st1,68,9,0
sku19_st1,69,10,0
sku19_st1,70,10,0
sku19_st1,71,15,1
sku19_st1,72,10,0
sku19_st1,73,10,0
sku19_st1,74,24,1
sku19_st1,75,9,0
sku19_st1,76,8,0
sku19_st1,77,18,1
sku19_st1,78,7,0
sku19_st1,79,8,0
sku19_st1,80,10,0
sku19_st1,81,9,0
sku19_st1,82,9,0
sku19_st1,83,9,0
sku19_st1,84,10,0
sku19_st1,85,7,0
sku19_st1,86,8,0
sku19_st1,87,7,0
sku19_st1,88,6,0
sku19_st1,89,7,0
sku19_st1,90,6,0
sku19_st1,91,6,0
sku19_st1,92,6,0
sku19_st1,93,5,0
sku19_st1,94,6,0
sku19_st1,95,5,0
sku19_st1,96,6,0
sku19_st1,97,4,0
sku19_st1,98,6,0
sku19_st1,99,5,0
sku19_st1,100,5,0
sku19_st1,101,11,1
sku19_st1,102,5,0
sku19_st1,103,8,1
